Arguments: 
  C:\Program Files\nodejs\node.exe C:\Program Files\nodejs\node_modules\yarn\bin\yarn.js add @types/ton

PATH: 
  C:\Users\ma5k\bin;C:\Program Files\Git\mingw64\bin;C:\Program Files\Git\usr\local\bin;C:\Program Files\Git\usr\bin;C:\Program Files\Git\usr\bin;C:\Program Files\Git\mingw64\bin;C:\Program Files\Git\usr\bin;C:\Users\ma5k\bin;C:\Program Files (x86)\Common Files\Oracle\Java\java8path;C:\Program Files (x86)\Common Files\Oracle\Java\javapath;C:\Windows\system32;C:\Windows;C:\Windows\System32\Wbem;C:\Windows\System32\WindowsPowerShell\v1.0;C:\Windows\System32\OpenSSH;C:\Users\ma5k\AppData\Roaming\nvm;C:\Program Files\nodejs;C:\Program Files\Git\cmd;C:\Program Files\Docker\Docker\resources\bin;C:\Program Files (x86)\NVIDIA Corporation\PhysX\Common;C:\Program Files\NVIDIA Corporation\NVIDIA NvDLISR;C:\ProgramData\chocolatey\bin;C:\tools\php82;C:\tools\php74;C:\tools\php73;C:\Program Files\dotnet;C:\Program Files (x86)\Windows Kits\10\Windows Performance Toolkit;C:\tools\php83;C:\ProgramData\ComposerSetup\bin;C:\TDM-GCC-64\bin;C:\Program Files\Go\bin;C:\Users\ma5k\AppData\Local\Microsoft\WindowsApps;C:\Users\ma5k\AppData\Local\Programs\Microsoft VS Code\bin;C:\Users\ma5k\AppData\Roaming\nvm;C:\Program Files\nodejs;C:\Users\ma5k\AppData\Roaming\Composer\vendor\bin;C:\Users\ma5k\.dotnet\tools;C:\Program Files\CMake\bin;C:\Users\ma5k\go\bin;C:\Program Files\Git\usr\bin\vendor_perl;C:\Program Files\Git\usr\bin\core_perl

Yarn version: 
  1.22.19

Node version: 
  18.16.1

Platform: 
  win32 x64

Trace: 
  Error: https://registry.yarnpkg.com/@types%2fton: Not found
      at params.callback [as _callback] (C:\Users\ma5k\AppData\Roaming\nvm\v18.16.1\node_modules\yarn\lib\cli.js:66145:18)
      at self.callback (C:\Users\ma5k\AppData\Roaming\nvm\v18.16.1\node_modules\yarn\lib\cli.js:140890:22)
      at Request.emit (node:events:513:28)
      at Request.<anonymous> (C:\Users\ma5k\AppData\Roaming\nvm\v18.16.1\node_modules\yarn\lib\cli.js:141862:10)
      at Request.emit (node:events:513:28)
      at IncomingMessage.<anonymous> (C:\Users\ma5k\AppData\Roaming\nvm\v18.16.1\node_modules\yarn\lib\cli.js:141784:12)
      at Object.onceWrapper (node:events:627:28)
      at IncomingMessage.emit (node:events:525:35)
      at endReadableNT (node:internal/streams/readable:1359:12)
      at process.processTicksAndRejections (node:internal/process/task_queues:82:21)

npm manifest: 
  {
    "private": true,
    "scripts": {
      "build": "tact --config ./tact.config.json",
      "test": "jest",
      "api_deploy": "ts-node ./sources/contract.deploy_api.ts",
      "read": "ts-node ./sources/contract.read.ts",
      "api": "ts-node ./sources/contract.express.ts",
      "api_test": "ts-node ./sources/test.ts",
      "treasury": "ts-node ./sources/treasury.ts",
      "owner": "ts-node ./sources/treasury.ts",
      "hash": "ts-node ./sources/hash.ts"
    },
    "dependencies": {
      "@orbs-network/ton-access": "^2.3.3",
      "@tact-lang/compiler": "~1.3.0",
      "@tact-lang/coverage": "^0.0.8",
      "@tact-lang/deployer": "^0.2.0",
      "@tact-lang/emulator": "^4.2.3",
      "@tact-lang/ton-abi": "^0.0.3",
      "@tact-lang/ton-jest": "^0.0.4",
      "@ton/core": "^0.55.0",
      "@ton/crypto": "^3.2.0",
      "@ton/sandbox": "^0.19.0",
      "@ton/test-utils": "^0.4.2",
      "@ton/ton": "^13.9.0",
      "@types/cors": "*",
      "@types/crypto-js": "^4.2.2",
      "@types/express": "*",
      "@types/express-validator": "^3.0.0",
      "@types/jest": "^29.2.4",
      "@types/jsonwebtoken": "^9.0.6",
      "@types/node": "^18.11.14",
      "@types/node-fetch": "^2.0",
      "@types/qs": "^6.9.7",
      "axios": "^1.7.2",
      "base64url": "^3.0.1",
      "cors": "*",
      "crypto-js": "^4.2.0",
      "cryptojs": "^2.5.3",
      "dotenv": "^16.0.3",
      "enquirer": "^2.3.6",
      "express": "*",
      "express-validator": "^7.1.0",
      "jest": "^29.3.1",
      "jsonwebtoken": "^9.0.2",
      "node-fetch": "^2.6.7",
      "open": "^8.4.0",
      "prando": "^6.0.1",
      "prettier": "^2.5.1",
      "prom-client": "^15.1.2",
      "qs": "^6.11.0",
      "ton": "^13.9.0",
      "ton-crypto": "^3.2.0",
      "tonweb": "^0.0.66",
      "tonweb-mnemonic": "^1.0.1",
      "ts-jest": "^29.0.3",
      "ts-node": "^10.9.1",
      "typescript": "^4.9.4"
    },
    "jest-junit": {
      "suiteName": "tap",
      "outputDirectory": "test",
      "outputName": "junit.xml"
    },
    "reporters": [
      "default",
      "jest-junit"
    ]
  }

yarn manifest: 
  No manifest

Lockfile: 
  # THIS IS AN AUTOGENERATED FILE. DO NOT EDIT THIS FILE DIRECTLY.
  # yarn lockfile v1
  
  
  "@ampproject/remapping@^2.1.0":
    version "2.2.0"
    resolved "https://registry.npmjs.org/@ampproject/remapping/-/remapping-2.2.0.tgz"
    integrity sha512-qRmjj8nj9qmLTQXXmaR1cck3UXSRMPrbsLJAasZpF+t3riI71BXed5ebIOYwQntykeZuhjsdweEc9BxH5Jc26w==
    dependencies:
      "@jridgewell/gen-mapping" "^0.1.0"
      "@jridgewell/trace-mapping" "^0.3.9"
  
  "@assemblyscript/loader@^0.9.4":
    version "0.9.4"
    resolved "https://registry.npmjs.org/@assemblyscript/loader/-/loader-0.9.4.tgz"
    integrity sha512-HazVq9zwTVwGmqdwYzu7WyQ6FQVZ7SwET0KKQuKm55jD0IfUpZgN0OPIiZG3zV1iSrVYcN0bdwLRXI/VNCYsUA==
  
  "@babel/code-frame@^7.0.0", "@babel/code-frame@^7.12.13", "@babel/code-frame@^7.18.6", "@babel/code-frame@^7.24.6":
    version "7.24.6"
    resolved "https://registry.npmjs.org/@babel/code-frame/-/code-frame-7.24.6.tgz"
    integrity sha512-ZJhac6FkEd1yhG2AHOmfcXG4ceoLltoCVJjN5XsWN9BifBQr+cHJbWi0h68HZuSORq+3WtJ2z0hwF2NG1b5kcA==
    dependencies:
      "@babel/highlight" "^7.24.6"
      picocolors "^1.0.0"
  
  "@babel/compat-data@^7.24.6":
    version "7.24.6"
    resolved "https://registry.npmjs.org/@babel/compat-data/-/compat-data-7.24.6.tgz"
    integrity sha512-aC2DGhBq5eEdyXWqrDInSqQjO0k8xtPRf5YylULqx8MCd6jBtzqfta/3ETMRpuKIc5hyswfO80ObyA1MvkCcUQ==
  
  "@babel/core@^7.11.6", "@babel/core@^7.12.3":
    version "7.20.12"
    resolved "https://registry.npmjs.org/@babel/core/-/core-7.20.12.tgz"
    integrity sha512-XsMfHovsUYHFMdrIHkZphTN/2Hzzi78R08NuHfDBehym2VsPDL6Zn/JAD/JQdnRvbSsbQc4mVaU1m6JgtTEElg==
    dependencies:
      "@ampproject/remapping" "^2.1.0"
      "@babel/code-frame" "^7.18.6"
      "@babel/generator" "^7.20.7"
      "@babel/helper-compilation-targets" "^7.20.7"
      "@babel/helper-module-transforms" "^7.20.11"
      "@babel/helpers" "^7.20.7"
      "@babel/parser" "^7.20.7"
      "@babel/template" "^7.20.7"
      "@babel/traverse" "^7.20.12"
      "@babel/types" "^7.20.7"
      convert-source-map "^1.7.0"
      debug "^4.1.0"
      gensync "^1.0.0-beta.2"
      json5 "^2.2.2"
      semver "^6.3.0"
  
  "@babel/generator@^7.20.7", "@babel/generator@^7.7.2":
    version "7.20.14"
    resolved "https://registry.npmjs.org/@babel/generator/-/generator-7.20.14.tgz"
    integrity sha512-AEmuXHdcD3A52HHXxaTmYlb8q/xMEhoRP67B3T4Oq7lbmSoqroMZzjnGj3+i1io3pdnF8iBYVu4Ilj+c4hBxYg==
    dependencies:
      "@babel/types" "^7.20.7"
      "@jridgewell/gen-mapping" "^0.3.2"
      jsesc "^2.5.1"
  
  "@babel/helper-compilation-targets@^7.20.7":
    version "7.24.6"
    resolved "https://registry.npmjs.org/@babel/helper-compilation-targets/-/helper-compilation-targets-7.24.6.tgz"
    integrity sha512-VZQ57UsDGlX/5fFA7GkVPplZhHsVc+vuErWgdOiysI9Ksnw0Pbbd6pnPiR/mmJyKHgyIW0c7KT32gmhiF+cirg==
    dependencies:
      "@babel/compat-data" "^7.24.6"
      "@babel/helper-validator-option" "^7.24.6"
      browserslist "^4.22.2"
      lru-cache "^5.1.1"
      semver "^6.3.1"
  
  "@babel/helper-environment-visitor@^7.18.9", "@babel/helper-environment-visitor@^7.24.6":
    version "7.24.6"
    resolved "https://registry.npmjs.org/@babel/helper-environment-visitor/-/helper-environment-visitor-7.24.6.tgz"
    integrity sha512-Y50Cg3k0LKLMjxdPjIl40SdJgMB85iXn27Vk/qbHZCFx/o5XO3PSnpi675h1KEmmDb6OFArfd5SCQEQ5Q4H88g==
  
  "@babel/helper-function-name@^7.19.0":
    version "7.24.6"
    resolved "https://registry.npmjs.org/@babel/helper-function-name/-/helper-function-name-7.24.6.tgz"
    integrity sha512-xpeLqeeRkbxhnYimfr2PC+iA0Q7ljX/d1eZ9/inYbmfG2jpl8Lu3DyXvpOAnrS5kxkfOWJjioIMQsaMBXFI05w==
    dependencies:
      "@babel/template" "^7.24.6"
      "@babel/types" "^7.24.6"
  
  "@babel/helper-hoist-variables@^7.18.6":
    version "7.24.6"
    resolved "https://registry.npmjs.org/@babel/helper-hoist-variables/-/helper-hoist-variables-7.24.6.tgz"
    integrity sha512-SF/EMrC3OD7dSta1bLJIlrsVxwtd0UpjRJqLno6125epQMJ/kyFmpTT4pbvPbdQHzCHg+biQ7Syo8lnDtbR+uA==
    dependencies:
      "@babel/types" "^7.24.6"
  
  "@babel/helper-module-imports@^7.24.6":
    version "7.24.6"
    resolved "https://registry.npmjs.org/@babel/helper-module-imports/-/helper-module-imports-7.24.6.tgz"
    integrity sha512-a26dmxFJBF62rRO9mmpgrfTLsAuyHk4e1hKTUkD/fcMfynt8gvEKwQPQDVxWhca8dHoDck+55DFt42zV0QMw5g==
    dependencies:
      "@babel/types" "^7.24.6"
  
  "@babel/helper-module-transforms@^7.20.11":
    version "7.24.6"
    resolved "https://registry.npmjs.org/@babel/helper-module-transforms/-/helper-module-transforms-7.24.6.tgz"
    integrity sha512-Y/YMPm83mV2HJTbX1Qh2sjgjqcacvOlhbzdCCsSlblOKjSYmQqEbO6rUniWQyRo9ncyfjT8hnUjlG06RXDEmcA==
    dependencies:
      "@babel/helper-environment-visitor" "^7.24.6"
      "@babel/helper-module-imports" "^7.24.6"
      "@babel/helper-simple-access" "^7.24.6"
      "@babel/helper-split-export-declaration" "^7.24.6"
      "@babel/helper-validator-identifier" "^7.24.6"
  
  "@babel/helper-plugin-utils@^7.0.0", "@babel/helper-plugin-utils@^7.10.4", "@babel/helper-plugin-utils@^7.12.13", "@babel/helper-plugin-utils@^7.14.5", "@babel/helper-plugin-utils@^7.24.6", "@babel/helper-plugin-utils@^7.8.0":
    version "7.24.6"
    resolved "https://registry.npmjs.org/@babel/helper-plugin-utils/-/helper-plugin-utils-7.24.6.tgz"
    integrity sha512-MZG/JcWfxybKwsA9N9PmtF2lOSFSEMVCpIRrbxccZFLJPrJciJdG/UhSh5W96GEteJI2ARqm5UAHxISwRDLSNg==
  
  "@babel/helper-simple-access@^7.24.6":
    version "7.24.6"
    resolved "https://registry.npmjs.org/@babel/helper-simple-access/-/helper-simple-access-7.24.6.tgz"
    integrity sha512-nZzcMMD4ZhmB35MOOzQuiGO5RzL6tJbsT37Zx8M5L/i9KSrukGXWTjLe1knIbb/RmxoJE9GON9soq0c0VEMM5g==
    dependencies:
      "@babel/types" "^7.24.6"
  
  "@babel/helper-split-export-declaration@^7.18.6", "@babel/helper-split-export-declaration@^7.24.6":
    version "7.24.6"
    resolved "https://registry.npmjs.org/@babel/helper-split-export-declaration/-/helper-split-export-declaration-7.24.6.tgz"
    integrity sha512-CvLSkwXGWnYlF9+J3iZUvwgAxKiYzK3BWuo+mLzD/MDGOZDj7Gq8+hqaOkMxmJwmlv0iu86uH5fdADd9Hxkymw==
    dependencies:
      "@babel/types" "^7.24.6"
  
  "@babel/helper-string-parser@^7.24.6":
    version "7.24.6"
    resolved "https://registry.npmjs.org/@babel/helper-string-parser/-/helper-string-parser-7.24.6.tgz"
    integrity sha512-WdJjwMEkmBicq5T9fm/cHND3+UlFa2Yj8ALLgmoSQAJZysYbBjw+azChSGPN4DSPLXOcooGRvDwZWMcF/mLO2Q==
  
  "@babel/helper-validator-identifier@^7.24.6":
    version "7.24.6"
    resolved "https://registry.npmjs.org/@babel/helper-validator-identifier/-/helper-validator-identifier-7.24.6.tgz"
    integrity sha512-4yA7s865JHaqUdRbnaxarZREuPTHrjpDT+pXoAZ1yhyo6uFnIEpS8VMu16siFOHDpZNKYv5BObhsB//ycbICyw==
  
  "@babel/helper-validator-option@^7.24.6":
    version "7.24.6"
    resolved "https://registry.npmjs.org/@babel/helper-validator-option/-/helper-validator-option-7.24.6.tgz"
    integrity sha512-Jktc8KkF3zIkePb48QO+IapbXlSapOW9S+ogZZkcO6bABgYAxtZcjZ/O005111YLf+j4M84uEgwYoidDkXbCkQ==
  
  "@babel/helpers@^7.20.7":
    version "7.20.13"
    resolved "https://registry.npmjs.org/@babel/helpers/-/helpers-7.20.13.tgz"
    integrity sha512-nzJ0DWCL3gB5RCXbUO3KIMMsBY2Eqbx8mBpKGE/02PgyRQFcPQLbkQ1vyy596mZLaP+dAfD+R4ckASzNVmW3jg==
    dependencies:
      "@babel/template" "^7.20.7"
      "@babel/traverse" "^7.20.13"
      "@babel/types" "^7.20.7"
  
  "@babel/highlight@^7.24.6":
    version "7.24.6"
    resolved "https://registry.npmjs.org/@babel/highlight/-/highlight-7.24.6.tgz"
    integrity sha512-2YnuOp4HAk2BsBrJJvYCbItHx0zWscI1C3zgWkz+wDyD9I7GIVrfnLyrR4Y1VR+7p+chAEcrgRQYZAGIKMV7vQ==
    dependencies:
      "@babel/helper-validator-identifier" "^7.24.6"
      chalk "^2.4.2"
      js-tokens "^4.0.0"
      picocolors "^1.0.0"
  
  "@babel/parser@^7.1.0", "@babel/parser@^7.14.7", "@babel/parser@^7.20.13", "@babel/parser@^7.20.7", "@babel/parser@^7.24.6":
    version "7.24.6"
    resolved "https://registry.npmjs.org/@babel/parser/-/parser-7.24.6.tgz"
    integrity sha512-eNZXdfU35nJC2h24RznROuOpO94h6x8sg9ju0tT9biNtLZ2vuP8SduLqqV+/8+cebSLV9SJEAN5Z3zQbJG/M+Q==
  
  "@babel/plugin-syntax-async-generators@^7.8.4":
    version "7.8.4"
    resolved "https://registry.npmjs.org/@babel/plugin-syntax-async-generators/-/plugin-syntax-async-generators-7.8.4.tgz"
    integrity sha512-tycmZxkGfZaxhMRbXlPXuVFpdWlXpir2W4AMhSJgRKzk/eDlIXOhb2LHWoLpDF7TEHylV5zNhykX6KAgHJmTNw==
    dependencies:
      "@babel/helper-plugin-utils" "^7.8.0"
  
  "@babel/plugin-syntax-bigint@^7.8.3":
    version "7.8.3"
    resolved "https://registry.npmjs.org/@babel/plugin-syntax-bigint/-/plugin-syntax-bigint-7.8.3.tgz"
    integrity sha512-wnTnFlG+YxQm3vDxpGE57Pj0srRU4sHE/mDkt1qv2YJJSeUAec2ma4WLUnUPeKjyrfntVwe/N6dCXpU+zL3Npg==
    dependencies:
      "@babel/helper-plugin-utils" "^7.8.0"
  
  "@babel/plugin-syntax-class-properties@^7.8.3":
    version "7.12.13"
    resolved "https://registry.npmjs.org/@babel/plugin-syntax-class-properties/-/plugin-syntax-class-properties-7.12.13.tgz"
    integrity sha512-fm4idjKla0YahUNgFNLCB0qySdsoPiZP3iQE3rky0mBUtMZ23yDJ9SJdg6dXTSDnulOVqiF3Hgr9nbXvXTQZYA==
    dependencies:
      "@babel/helper-plugin-utils" "^7.12.13"
  
  "@babel/plugin-syntax-import-meta@^7.8.3":
    version "7.10.4"
    resolved "https://registry.npmjs.org/@babel/plugin-syntax-import-meta/-/plugin-syntax-import-meta-7.10.4.tgz"
    integrity sha512-Yqfm+XDx0+Prh3VSeEQCPU81yC+JWZ2pDPFSS4ZdpfZhp4MkFMaDC1UqseovEKwSUpnIL7+vK+Clp7bfh0iD7g==
    dependencies:
      "@babel/helper-plugin-utils" "^7.10.4"
  
  "@babel/plugin-syntax-json-strings@^7.8.3":
    version "7.8.3"
    resolved "https://registry.npmjs.org/@babel/plugin-syntax-json-strings/-/plugin-syntax-json-strings-7.8.3.tgz"
    integrity sha512-lY6kdGpWHvjoe2vk4WrAapEuBR69EMxZl+RoGRhrFGNYVK8mOPAW8VfbT/ZgrFbXlDNiiaxQnAtgVCZ6jv30EA==
    dependencies:
      "@babel/helper-plugin-utils" "^7.8.0"
  
  "@babel/plugin-syntax-jsx@^7.7.2":
    version "7.24.6"
    resolved "https://registry.npmjs.org/@babel/plugin-syntax-jsx/-/plugin-syntax-jsx-7.24.6.tgz"
    integrity sha512-lWfvAIFNWMlCsU0DRUun2GpFwZdGTukLaHJqRh1JRb80NdAP5Sb1HDHB5X9P9OtgZHQl089UzQkpYlBq2VTPRw==
    dependencies:
      "@babel/helper-plugin-utils" "^7.24.6"
  
  "@babel/plugin-syntax-logical-assignment-operators@^7.8.3":
    version "7.10.4"
    resolved "https://registry.npmjs.org/@babel/plugin-syntax-logical-assignment-operators/-/plugin-syntax-logical-assignment-operators-7.10.4.tgz"
    integrity sha512-d8waShlpFDinQ5MtvGU9xDAOzKH47+FFoney2baFIoMr952hKOLp1HR7VszoZvOsV/4+RRszNY7D17ba0te0ig==
    dependencies:
      "@babel/helper-plugin-utils" "^7.10.4"
  
  "@babel/plugin-syntax-nullish-coalescing-operator@^7.8.3":
    version "7.8.3"
    resolved "https://registry.npmjs.org/@babel/plugin-syntax-nullish-coalescing-operator/-/plugin-syntax-nullish-coalescing-operator-7.8.3.tgz"
    integrity sha512-aSff4zPII1u2QD7y+F8oDsz19ew4IGEJg9SVW+bqwpwtfFleiQDMdzA/R+UlWDzfnHFCxxleFT0PMIrR36XLNQ==
    dependencies:
      "@babel/helper-plugin-utils" "^7.8.0"
  
  "@babel/plugin-syntax-numeric-separator@^7.8.3":
    version "7.10.4"
    resolved "https://registry.npmjs.org/@babel/plugin-syntax-numeric-separator/-/plugin-syntax-numeric-separator-7.10.4.tgz"
    integrity sha512-9H6YdfkcK/uOnY/K7/aA2xpzaAgkQn37yzWUMRK7OaPOqOpGS1+n0H5hxT9AUw9EsSjPW8SVyMJwYRtWs3X3ug==
    dependencies:
      "@babel/helper-plugin-utils" "^7.10.4"
  
  "@babel/plugin-syntax-object-rest-spread@^7.8.3":
    version "7.8.3"
    resolved "https://registry.npmjs.org/@babel/plugin-syntax-object-rest-spread/-/plugin-syntax-object-rest-spread-7.8.3.tgz"
    integrity sha512-XoqMijGZb9y3y2XskN+P1wUGiVwWZ5JmoDRwx5+3GmEplNyVM2s2Dg8ILFQm8rWM48orGy5YpI5Bl8U1y7ydlA==
    dependencies:
      "@babel/helper-plugin-utils" "^7.8.0"
  
  "@babel/plugin-syntax-optional-catch-binding@^7.8.3":
    version "7.8.3"
    resolved "https://registry.npmjs.org/@babel/plugin-syntax-optional-catch-binding/-/plugin-syntax-optional-catch-binding-7.8.3.tgz"
    integrity sha512-6VPD0Pc1lpTqw0aKoeRTMiB+kWhAoT24PA+ksWSBrFtl5SIRVpZlwN3NNPQjehA2E/91FV3RjLWoVTglWcSV3Q==
    dependencies:
      "@babel/helper-plugin-utils" "^7.8.0"
  
  "@babel/plugin-syntax-optional-chaining@^7.8.3":
    version "7.8.3"
    resolved "https://registry.npmjs.org/@babel/plugin-syntax-optional-chaining/-/plugin-syntax-optional-chaining-7.8.3.tgz"
    integrity sha512-KoK9ErH1MBlCPxV0VANkXW2/dw4vlbGDrFgz8bmUsBGYkFRcbRwMh6cIJubdPrkxRwuGdtCk0v/wPTKbQgBjkg==
    dependencies:
      "@babel/helper-plugin-utils" "^7.8.0"
  
  "@babel/plugin-syntax-top-level-await@^7.8.3":
    version "7.14.5"
    resolved "https://registry.npmjs.org/@babel/plugin-syntax-top-level-await/-/plugin-syntax-top-level-await-7.14.5.tgz"
    integrity sha512-hx++upLv5U1rgYfwe1xBQUhRmU41NEvpUvrp8jkrSCdvGSnM5/qdRMtylJ6PG5OFkBaHkbTAKTnd3/YyESRHFw==
    dependencies:
      "@babel/helper-plugin-utils" "^7.14.5"
  
  "@babel/plugin-syntax-typescript@^7.7.2":
    version "7.24.6"
    resolved "https://registry.npmjs.org/@babel/plugin-syntax-typescript/-/plugin-syntax-typescript-7.24.6.tgz"
    integrity sha512-TzCtxGgVTEJWWwcYwQhCIQ6WaKlo80/B+Onsk4RRCcYqpYGFcG9etPW94VToGte5AAcxRrhjPUFvUS3Y2qKi4A==
    dependencies:
      "@babel/helper-plugin-utils" "^7.24.6"
  
  "@babel/template@^7.20.7", "@babel/template@^7.24.6", "@babel/template@^7.3.3":
    version "7.24.6"
    resolved "https://registry.npmjs.org/@babel/template/-/template-7.24.6.tgz"
    integrity sha512-3vgazJlLwNXi9jhrR1ef8qiB65L1RK90+lEQwv4OxveHnqC3BfmnHdgySwRLzf6akhlOYenT+b7AfWq+a//AHw==
    dependencies:
      "@babel/code-frame" "^7.24.6"
      "@babel/parser" "^7.24.6"
      "@babel/types" "^7.24.6"
  
  "@babel/traverse@^7.20.12", "@babel/traverse@^7.20.13", "@babel/traverse@^7.7.2":
    version "7.20.13"
    resolved "https://registry.npmjs.org/@babel/traverse/-/traverse-7.20.13.tgz"
    integrity sha512-kMJXfF0T6DIS9E8cgdLCSAL+cuCK+YEZHWiLK0SXpTo8YRj5lpJu3CDNKiIBCne4m9hhTIqUg6SYTAI39tAiVQ==
    dependencies:
      "@babel/code-frame" "^7.18.6"
      "@babel/generator" "^7.20.7"
      "@babel/helper-environment-visitor" "^7.18.9"
      "@babel/helper-function-name" "^7.19.0"
      "@babel/helper-hoist-variables" "^7.18.6"
      "@babel/helper-split-export-declaration" "^7.18.6"
      "@babel/parser" "^7.20.13"
      "@babel/types" "^7.20.7"
      debug "^4.1.0"
      globals "^11.1.0"
  
  "@babel/types@^7.0.0", "@babel/types@^7.20.7", "@babel/types@^7.24.6", "@babel/types@^7.3.0", "@babel/types@^7.3.3":
    version "7.24.6"
    resolved "https://registry.npmjs.org/@babel/types/-/types-7.24.6.tgz"
    integrity sha512-WaMsgi6Q8zMgMth93GvWPXkhAIEobfsIkLTacoVZoK1J0CevIPGYY2Vo5YvJGqyHqXM6P4ppOYGsIRU8MM9pFQ==
    dependencies:
      "@babel/helper-string-parser" "^7.24.6"
      "@babel/helper-validator-identifier" "^7.24.6"
      to-fast-properties "^2.0.0"
  
  "@bcoe/v8-coverage@^0.2.3":
    version "0.2.3"
    resolved "https://registry.npmjs.org/@bcoe/v8-coverage/-/v8-coverage-0.2.3.tgz"
    integrity sha512-0hYQ8SB4Db5zvZB4axdMHGwEaQjkZzFjQiN9LVYvIFB2nSUHW9tYpxWriPrWDASIxiaXax83REcLxuSdnGPZtw==
  
  "@cspotcode/source-map-support@^0.8.0":
    version "0.8.1"
    resolved "https://registry.npmjs.org/@cspotcode/source-map-support/-/source-map-support-0.8.1.tgz"
    integrity sha512-IchNf6dN4tHoMFIn/7OE8LWZ19Y6q/67Bmf6vnGREv8RSbBVb9LPJxEcnwrcwX6ixSvaiGoomAUvu4YSxXrVgw==
    dependencies:
      "@jridgewell/trace-mapping" "0.3.9"
  
  "@ipld/dag-pb@2.1.18", "@ipld/dag-pb@^2.0.2":
    version "2.1.18"
    resolved "https://registry.npmjs.org/@ipld/dag-pb/-/dag-pb-2.1.18.tgz"
    integrity sha512-ZBnf2fuX9y3KccADURG5vb9FaOeMjFkCrNysB0PtftME/4iCTjxfaLoNq/IAh5fTqUOMXvryN6Jyka4ZGuMLIg==
    dependencies:
      multiformats "^9.5.4"
  
  "@istanbuljs/load-nyc-config@^1.0.0":
    version "1.1.0"
    resolved "https://registry.npmjs.org/@istanbuljs/load-nyc-config/-/load-nyc-config-1.1.0.tgz"
    integrity sha512-VjeHSlIzpv/NyD3N0YuHfXOPDIixcA1q2ZV98wsMqcYlPmv2n3Yb2lYP9XMElnaFVXg5A7YLTeLu6V84uQDjmQ==
    dependencies:
      camelcase "^5.3.1"
      find-up "^4.1.0"
      get-package-type "^0.1.0"
      js-yaml "^3.13.1"
      resolve-from "^5.0.0"
  
  "@istanbuljs/schema@^0.1.2":
    version "0.1.3"
    resolved "https://registry.npmjs.org/@istanbuljs/schema/-/schema-0.1.3.tgz"
    integrity sha512-ZXRY4jNvVgSVQ8DL3LTcakaAtXwTVUxE81hslsyD2AtoXW/wVob10HkOJ1X/pAlcI7D+2YoZKg5do8G/w6RYgA==
  
  "@jest/console@^29.4.1":
    version "29.4.1"
    resolved "https://registry.npmjs.org/@jest/console/-/console-29.4.1.tgz"
    integrity sha512-m+XpwKSi3PPM9znm5NGS8bBReeAJJpSkL1OuFCqaMaJL2YX9YXLkkI+MBchMPwu+ZuM2rynL51sgfkQteQ1CKQ==
    dependencies:
      "@jest/types" "^29.4.1"
      "@types/node" "*"
      chalk "^4.0.0"
      jest-message-util "^29.4.1"
      jest-util "^29.4.1"
      slash "^3.0.0"
  
  "@jest/core@^29.4.1":
    version "29.4.1"
    resolved "https://registry.npmjs.org/@jest/core/-/core-29.4.1.tgz"
    integrity sha512-RXFTohpBqpaTebNdg5l3I5yadnKo9zLBajMT0I38D0tDhreVBYv3fA8kywthI00sWxPztWLD3yjiUkewwu/wKA==
    dependencies:
      "@jest/console" "^29.4.1"
      "@jest/reporters" "^29.4.1"
      "@jest/test-result" "^29.4.1"
      "@jest/transform" "^29.4.1"
      "@jest/types" "^29.4.1"
      "@types/node" "*"
      ansi-escapes "^4.2.1"
      chalk "^4.0.0"
      ci-info "^3.2.0"
      exit "^0.1.2"
      graceful-fs "^4.2.9"
      jest-changed-files "^29.4.0"
      jest-config "^29.4.1"
      jest-haste-map "^29.4.1"
      jest-message-util "^29.4.1"
      jest-regex-util "^29.2.0"
      jest-resolve "^29.4.1"
      jest-resolve-dependencies "^29.4.1"
      jest-runner "^29.4.1"
      jest-runtime "^29.4.1"
      jest-snapshot "^29.4.1"
      jest-util "^29.4.1"
      jest-validate "^29.4.1"
      jest-watcher "^29.4.1"
      micromatch "^4.0.4"
      pretty-format "^29.4.1"
      slash "^3.0.0"
      strip-ansi "^6.0.0"
  
  "@jest/environment@^29.4.1", "@jest/environment@^29.7.0":
    version "29.7.0"
    resolved "https://registry.npmjs.org/@jest/environment/-/environment-29.7.0.tgz"
    integrity sha512-aQIfHDq33ExsN4jP1NWGXhxgQ/wixs60gDiKO+XVMd8Mn0NWPWgc34ZQDTb2jKaUWQ7MuwoitXAsN2XVXNMpAw==
    dependencies:
      "@jest/fake-timers" "^29.7.0"
      "@jest/types" "^29.6.3"
      "@types/node" "*"
      jest-mock "^29.7.0"
  
  "@jest/expect-utils@^29.4.1":
    version "29.4.1"
    resolved "https://registry.npmjs.org/@jest/expect-utils/-/expect-utils-29.4.1.tgz"
    integrity sha512-w6YJMn5DlzmxjO00i9wu2YSozUYRBhIoJ6nQwpMYcBMtiqMGJm1QBzOf6DDgRao8dbtpDoaqLg6iiQTvv0UHhQ==
    dependencies:
      jest-get-type "^29.2.0"
  
  "@jest/expect@^29.4.1":
    version "29.4.1"
    resolved "https://registry.npmjs.org/@jest/expect/-/expect-29.4.1.tgz"
    integrity sha512-ZxKJP5DTUNF2XkpJeZIzvnzF1KkfrhEF6Rz0HGG69fHl6Bgx5/GoU3XyaeFYEjuuKSOOsbqD/k72wFvFxc3iTw==
    dependencies:
      expect "^29.4.1"
      jest-snapshot "^29.4.1"
  
  "@jest/fake-timers@^29.4.1", "@jest/fake-timers@^29.7.0":
    version "29.7.0"
    resolved "https://registry.npmjs.org/@jest/fake-timers/-/fake-timers-29.7.0.tgz"
    integrity sha512-q4DH1Ha4TTFPdxLsqDXK1d3+ioSL7yL5oCMJZgDYm6i+6CygW5E5xVr/D1HdsGxjt1ZWSfUAs9OxSB/BNelWrQ==
    dependencies:
      "@jest/types" "^29.6.3"
      "@sinonjs/fake-timers" "^10.0.2"
      "@types/node" "*"
      jest-message-util "^29.7.0"
      jest-mock "^29.7.0"
      jest-util "^29.7.0"
  
  "@jest/globals@^29.4.1":
    version "29.4.1"
    resolved "https://registry.npmjs.org/@jest/globals/-/globals-29.4.1.tgz"
    integrity sha512-znoK2EuFytbHH0ZSf2mQK2K1xtIgmaw4Da21R2C/NE/+NnItm5mPEFQmn8gmF3f0rfOlmZ3Y3bIf7bFj7DHxAA==
    dependencies:
      "@jest/environment" "^29.4.1"
      "@jest/expect" "^29.4.1"
      "@jest/types" "^29.4.1"
      jest-mock "^29.4.1"
  
  "@jest/reporters@^29.4.1":
    version "29.4.1"
    resolved "https://registry.npmjs.org/@jest/reporters/-/reporters-29.4.1.tgz"
    integrity sha512-AISY5xpt2Xpxj9R6y0RF1+O6GRy9JsGa8+vK23Lmzdy1AYcpQn5ItX79wJSsTmfzPKSAcsY1LNt/8Y5Xe5LOSg==
    dependencies:
      "@bcoe/v8-coverage" "^0.2.3"
      "@jest/console" "^29.4.1"
      "@jest/test-result" "^29.4.1"
      "@jest/transform" "^29.4.1"
      "@jest/types" "^29.4.1"
      "@jridgewell/trace-mapping" "^0.3.15"
      "@types/node" "*"
      chalk "^4.0.0"
      collect-v8-coverage "^1.0.0"
      exit "^0.1.2"
      glob "^7.1.3"
      graceful-fs "^4.2.9"
      istanbul-lib-coverage "^3.0.0"
      istanbul-lib-instrument "^5.1.0"
      istanbul-lib-report "^3.0.0"
      istanbul-lib-source-maps "^4.0.0"
      istanbul-reports "^3.1.3"
      jest-message-util "^29.4.1"
      jest-util "^29.4.1"
      jest-worker "^29.4.1"
      slash "^3.0.0"
      string-length "^4.0.1"
      strip-ansi "^6.0.0"
      v8-to-istanbul "^9.0.1"
  
  "@jest/schemas@^29.4.0", "@jest/schemas@^29.6.3":
    version "29.6.3"
    resolved "https://registry.npmjs.org/@jest/schemas/-/schemas-29.6.3.tgz"
    integrity sha512-mo5j5X+jIZmJQveBKeS/clAueipV7KgiX1vMgCxam1RNYiqE1w62n0/tJJnHtjW8ZHcQco5gY85jA3mi0L+nSA==
    dependencies:
      "@sinclair/typebox" "^0.27.8"
  
  "@jest/source-map@^29.2.0":
    version "29.2.0"
    resolved "https://registry.npmjs.org/@jest/source-map/-/source-map-29.2.0.tgz"
    integrity sha512-1NX9/7zzI0nqa6+kgpSdKPK+WU1p+SJk3TloWZf5MzPbxri9UEeXX5bWZAPCzbQcyuAzubcdUHA7hcNznmRqWQ==
    dependencies:
      "@jridgewell/trace-mapping" "^0.3.15"
      callsites "^3.0.0"
      graceful-fs "^4.2.9"
  
  "@jest/test-result@^29.4.1":
    version "29.4.1"
    resolved "https://registry.npmjs.org/@jest/test-result/-/test-result-29.4.1.tgz"
    integrity sha512-WRt29Lwt+hEgfN8QDrXqXGgCTidq1rLyFqmZ4lmJOpVArC8daXrZWkWjiaijQvgd3aOUj2fM8INclKHsQW9YyQ==
    dependencies:
      "@jest/console" "^29.4.1"
      "@jest/types" "^29.4.1"
      "@types/istanbul-lib-coverage" "^2.0.0"
      collect-v8-coverage "^1.0.0"
  
  "@jest/test-sequencer@^29.4.1":
    version "29.4.1"
    resolved "https://registry.npmjs.org/@jest/test-sequencer/-/test-sequencer-29.4.1.tgz"
    integrity sha512-v5qLBNSsM0eHzWLXsQ5fiB65xi49A3ILPSFQKPXzGL4Vyux0DPZAIN7NAFJa9b4BiTDP9MBF/Zqc/QA1vuiJ0w==
    dependencies:
      "@jest/test-result" "^29.4.1"
      graceful-fs "^4.2.9"
      jest-haste-map "^29.4.1"
      slash "^3.0.0"
  
  "@jest/transform@^29.4.1":
    version "29.4.1"
    resolved "https://registry.npmjs.org/@jest/transform/-/transform-29.4.1.tgz"
    integrity sha512-5w6YJrVAtiAgr0phzKjYd83UPbCXsBRTeYI4BXokv9Er9CcrH9hfXL/crCvP2d2nGOcovPUnlYiLPFLZrkG5Hg==
    dependencies:
      "@babel/core" "^7.11.6"
      "@jest/types" "^29.4.1"
      "@jridgewell/trace-mapping" "^0.3.15"
      babel-plugin-istanbul "^6.1.1"
      chalk "^4.0.0"
      convert-source-map "^2.0.0"
      fast-json-stable-stringify "^2.1.0"
      graceful-fs "^4.2.9"
      jest-haste-map "^29.4.1"
      jest-regex-util "^29.2.0"
      jest-util "^29.4.1"
      micromatch "^4.0.4"
      pirates "^4.0.4"
      slash "^3.0.0"
      write-file-atomic "^5.0.0"
  
  "@jest/types@^29.4.1":
    version "29.4.1"
    resolved "https://registry.npmjs.org/@jest/types/-/types-29.4.1.tgz"
    integrity sha512-zbrAXDUOnpJ+FMST2rV7QZOgec8rskg2zv8g2ajeqitp4tvZiyqTCYXANrKsM+ryj5o+LI+ZN2EgU9drrkiwSA==
    dependencies:
      "@jest/schemas" "^29.4.0"
      "@types/istanbul-lib-coverage" "^2.0.0"
      "@types/istanbul-reports" "^3.0.0"
      "@types/node" "*"
      "@types/yargs" "^17.0.8"
      chalk "^4.0.0"
  
  "@jest/types@^29.6.3":
    version "29.6.3"
    resolved "https://registry.npmjs.org/@jest/types/-/types-29.6.3.tgz"
    integrity sha512-u3UPsIilWKOM3F9CXtrG8LEJmNxwoCQC/XVj4IKYXvvpx7QIi/Kg1LI5uDmDpKlac62NUtX7eLjRh+jVZcLOzw==
    dependencies:
      "@jest/schemas" "^29.6.3"
      "@types/istanbul-lib-coverage" "^2.0.0"
      "@types/istanbul-reports" "^3.0.0"
      "@types/node" "*"
      "@types/yargs" "^17.0.8"
      chalk "^4.0.0"
  
  "@jridgewell/gen-mapping@^0.1.0":
    version "0.1.1"
    resolved "https://registry.npmjs.org/@jridgewell/gen-mapping/-/gen-mapping-0.1.1.tgz"
    integrity sha512-sQXCasFk+U8lWYEe66WxRDOE9PjVz4vSM51fTu3Hw+ClTpUSQb718772vH3pyS5pShp6lvQM7SxgIDXXXmOX7w==
    dependencies:
      "@jridgewell/set-array" "^1.0.0"
      "@jridgewell/sourcemap-codec" "^1.4.10"
  
  "@jridgewell/gen-mapping@^0.3.2":
    version "0.3.5"
    resolved "https://registry.npmjs.org/@jridgewell/gen-mapping/-/gen-mapping-0.3.5.tgz"
    integrity sha512-IzL8ZoEDIBRWEzlCcRhOaCupYyN5gdIK+Q6fbFdPDg6HqX6jpkItn7DFIpW9LQzXG6Df9sA7+OKnq0qlz/GaQg==
    dependencies:
      "@jridgewell/set-array" "^1.2.1"
      "@jridgewell/sourcemap-codec" "^1.4.10"
      "@jridgewell/trace-mapping" "^0.3.24"
  
  "@jridgewell/resolve-uri@^3.0.3", "@jridgewell/resolve-uri@^3.1.0":
    version "3.1.0"
    resolved "https://registry.npmjs.org/@jridgewell/resolve-uri/-/resolve-uri-3.1.0.tgz"
    integrity sha512-F2msla3tad+Mfht5cJq7LSXcdudKTWCVYUgw6pLFOOHSTtZlj6SWNYAp+AhuqLmWdBO2X5hPrLcu8cVP8fy28w==
  
  "@jridgewell/set-array@^1.0.0", "@jridgewell/set-array@^1.2.1":
    version "1.2.1"
    resolved "https://registry.npmjs.org/@jridgewell/set-array/-/set-array-1.2.1.tgz"
    integrity sha512-R8gLRTZeyp03ymzP/6Lil/28tGeGEzhx1q2k703KGWRAI1VdvPIXdG70VJc2pAMw3NA6JKL5hhFu1sJX0Mnn/A==
  
  "@jridgewell/sourcemap-codec@^1.4.10", "@jridgewell/sourcemap-codec@^1.4.14":
    version "1.4.14"
    resolved "https://registry.npmjs.org/@jridgewell/sourcemap-codec/-/sourcemap-codec-1.4.14.tgz"
    integrity sha512-XPSJHWmi394fuUuzDnGz1wiKqWfo1yXecHQMRf2l6hztTO+nPru658AyDngaBe7isIxEkRsPR3FZh+s7iVa4Uw==
  
  "@jridgewell/trace-mapping@0.3.9":
    version "0.3.9"
    resolved "https://registry.npmjs.org/@jridgewell/trace-mapping/-/trace-mapping-0.3.9.tgz"
    integrity sha512-3Belt6tdc8bPgAtbcmdtNJlirVoTmEb5e2gC94PnkwEW9jI6CAHUeoG85tjWP5WquqfavoMtMwiG4P926ZKKuQ==
    dependencies:
      "@jridgewell/resolve-uri" "^3.0.3"
      "@jridgewell/sourcemap-codec" "^1.4.10"
  
  "@jridgewell/trace-mapping@^0.3.12", "@jridgewell/trace-mapping@^0.3.15", "@jridgewell/trace-mapping@^0.3.24", "@jridgewell/trace-mapping@^0.3.9":
    version "0.3.25"
    resolved "https://registry.npmjs.org/@jridgewell/trace-mapping/-/trace-mapping-0.3.25.tgz"
    integrity sha512-vNk6aEwybGtawWmy/PzwnGDOjCkLWSD2wqvjGGAgOAwCGWySYXfYoxt00IJkTF+8Lb57DwOb3Aa0o9CApepiYQ==
    dependencies:
      "@jridgewell/resolve-uri" "^3.1.0"
      "@jridgewell/sourcemap-codec" "^1.4.14"
  
  "@ledgerhq/devices@^5.48.0", "@ledgerhq/devices@^5.51.1":
    version "5.51.1"
    resolved "https://registry.npmjs.org/@ledgerhq/devices/-/devices-5.51.1.tgz"
    integrity sha512-4w+P0VkbjzEXC7kv8T1GJ/9AVaP9I6uasMZ/JcdwZBS3qwvKo5A5z9uGhP5c7TvItzcmPb44b5Mw2kT+WjUuAA==
    dependencies:
      "@ledgerhq/errors" "^5.50.0"
      "@ledgerhq/logs" "^5.50.0"
      rxjs "6"
      semver "^7.3.5"
  
  "@ledgerhq/errors@^5.48.0", "@ledgerhq/errors@^5.50.0":
    version "5.50.0"
    resolved "https://registry.npmjs.org/@ledgerhq/errors/-/errors-5.50.0.tgz"
    integrity sha512-gu6aJ/BHuRlpU7kgVpy2vcYk6atjB4iauP2ymF7Gk0ez0Y/6VSMVSJvubeEQN+IV60+OBK0JgeIZG7OiHaw8ow==
  
  "@ledgerhq/hw-transport-web-ble@5.48.0":
    version "5.48.0"
    resolved "https://registry.npmjs.org/@ledgerhq/hw-transport-web-ble/-/hw-transport-web-ble-5.48.0.tgz"
    integrity sha512-ezgssFvxc4/UbfwIxwg9jEn0/yiND8TW6bDkaE3kAqKCa8ZYYgFtms8iRqjTOJlqcbSYkudbNhP74jtY0NxfdA==
    dependencies:
      "@ledgerhq/devices" "^5.48.0"
      "@ledgerhq/errors" "^5.48.0"
      "@ledgerhq/hw-transport" "^5.48.0"
      "@ledgerhq/logs" "^5.48.0"
      rxjs "^6.6.7"
  
  "@ledgerhq/hw-transport-webhid@5.48.0":
    version "5.48.0"
    resolved "https://registry.npmjs.org/@ledgerhq/hw-transport-webhid/-/hw-transport-webhid-5.48.0.tgz"
    integrity sha512-g6TYxgPX3MqP3jQ4SJaJjlM+2SwUSk4Si/9MeKLwz5ySbiD3bSTh/Gbzv8VBCaHPO4fILujc5vW/xejJuMzR8w==
    dependencies:
      "@ledgerhq/devices" "^5.48.0"
      "@ledgerhq/errors" "^5.48.0"
      "@ledgerhq/hw-transport" "^5.48.0"
      "@ledgerhq/logs" "^5.48.0"
  
  "@ledgerhq/hw-transport-webusb@5.48.0":
    version "5.48.0"
    resolved "https://registry.npmjs.org/@ledgerhq/hw-transport-webusb/-/hw-transport-webusb-5.48.0.tgz"
    integrity sha512-tO+p11aRQx9q9ifmi/NCbCBKQ738lp+PROy1BWSzjCJcUEz1sKTLeRTLE2Xze25KebhuM2YR1NgkX5LN1z4upA==
    dependencies:
      "@ledgerhq/devices" "^5.48.0"
      "@ledgerhq/errors" "^5.48.0"
      "@ledgerhq/hw-transport" "^5.48.0"
      "@ledgerhq/logs" "^5.48.0"
  
  "@ledgerhq/hw-transport@^5.48.0":
    version "5.51.1"
    resolved "https://registry.npmjs.org/@ledgerhq/hw-transport/-/hw-transport-5.51.1.tgz"
    integrity sha512-6wDYdbWrw9VwHIcoDnqWBaDFyviyjZWv6H9vz9Vyhe4Qd7TIFmbTl/eWs6hZvtZBza9K8y7zD8ChHwRI4s9tSw==
    dependencies:
      "@ledgerhq/devices" "^5.51.1"
      "@ledgerhq/errors" "^5.50.0"
      events "^3.3.0"
  
  "@ledgerhq/logs@^5.48.0", "@ledgerhq/logs@^5.50.0":
    version "5.50.0"
    resolved "https://registry.npmjs.org/@ledgerhq/logs/-/logs-5.50.0.tgz"
    integrity sha512-swKHYCOZUGyVt4ge0u8a7AwNcA//h4nx5wIi0sruGye1IJ5Cva0GyK9L2/WdX+kWVTKp92ZiEo1df31lrWGPgA==
  
  "@multiformats/murmur3@^1.0.3":
    version "1.1.3"
    resolved "https://registry.npmjs.org/@multiformats/murmur3/-/murmur3-1.1.3.tgz"
    integrity sha512-wAPLUErGR8g6Lt+bAZn6218k9YQPym+sjszsXL6o4zfxbA22P+gxWZuuD9wDbwL55xrKO5idpcuQUX7/E3oHcw==
    dependencies:
      multiformats "^9.5.4"
      murmurhash3js-revisited "^3.0.0"
  
  "@nodelib/fs.scandir@2.1.5":
    version "2.1.5"
    resolved "https://registry.npmjs.org/@nodelib/fs.scandir/-/fs.scandir-2.1.5.tgz"
    integrity sha512-vq24Bq3ym5HEQm2NKCr3yXDwjc7vTsEThRDnkp2DK9p1uqLR+DHurm/NOTo0KG7HYHU7eppKZj3MyqYuMBf62g==
    dependencies:
      "@nodelib/fs.stat" "2.0.5"
      run-parallel "^1.1.9"
  
  "@nodelib/fs.stat@2.0.5", "@nodelib/fs.stat@^2.0.2":
    version "2.0.5"
    resolved "https://registry.npmjs.org/@nodelib/fs.stat/-/fs.stat-2.0.5.tgz"
    integrity sha512-RkhPPp2zrqDAQA/2jNhnztcPAlv64XdhIp7a7454A5ovI7Bukxgt7MX7udwAu3zg1DcpPU0rz3VV1SeaqvY4+A==
  
  "@nodelib/fs.walk@^1.2.3":
    version "1.2.8"
    resolved "https://registry.npmjs.org/@nodelib/fs.walk/-/fs.walk-1.2.8.tgz"
    integrity sha512-oGB+UxlgWcgQkgwo8GcEGwemoTFt3FIO9ababBmaGwXIoBKZ+GTy0pP185beGg7Llih/NSHSV2XAs1lnznocSg==
    dependencies:
      "@nodelib/fs.scandir" "2.1.5"
      fastq "^1.6.0"
  
  "@opentelemetry/api@^1.4.0":
    version "1.9.0"
    resolved "https://registry.yarnpkg.com/@opentelemetry/api/-/api-1.9.0.tgz#d03eba68273dc0f7509e2a3d5cba21eae10379fe"
    integrity sha512-3giAOQvZiH5F9bMlMiv8+GSPMeqg0dbaeo58/0SlA9sxSqZhnUtxzX9/2FzyhS9sWQf5S0GJE0AKBrFqjpeYcg==
  
  "@orbs-network/ton-access@^2.3.3":
    version "2.3.3"
    resolved "https://registry.npmjs.org/@orbs-network/ton-access/-/ton-access-2.3.3.tgz"
    integrity sha512-b1miCPts7wBG9JKYgzXIRZQm/LMy5Uk1mNK8NzlcXHL3HRHJkkFbuYJGuj3IkWCiIicW3Ipp4sYnn3Fwo4oB0g==
    dependencies:
      isomorphic-fetch "^3.0.0"
  
  "@peculiar/asn1-schema@^2.3.8":
    version "2.3.8"
    resolved "https://registry.npmjs.org/@peculiar/asn1-schema/-/asn1-schema-2.3.8.tgz"
    integrity sha512-ULB1XqHKx1WBU/tTFIA+uARuRoBVZ4pNdOA878RDrRbBfBGcSzi5HBkdScC6ZbHn8z7L8gmKCgPC1LHRrP46tA==
    dependencies:
      asn1js "^3.0.5"
      pvtsutils "^1.3.5"
      tslib "^2.6.2"
  
  "@peculiar/json-schema@^1.1.12":
    version "1.1.12"
    resolved "https://registry.npmjs.org/@peculiar/json-schema/-/json-schema-1.1.12.tgz"
    integrity sha512-coUfuoMeIB7B8/NMekxaDzLhaYmp0HZNPEjYRm9goRou8UZIC3z21s0sL9AWoCw4EG876QyO3kYrc61WNF9B/w==
    dependencies:
      tslib "^2.0.0"
  
  "@peculiar/webcrypto@^1.0.22":
    version "1.4.6"
    resolved "https://registry.npmjs.org/@peculiar/webcrypto/-/webcrypto-1.4.6.tgz"
    integrity sha512-YBcMfqNSwn3SujUJvAaySy5tlYbYm6tVt9SKoXu8BaTdKGROiJDgPR3TXpZdAKUfklzm3lRapJEAltiMQtBgZg==
    dependencies:
      "@peculiar/asn1-schema" "^2.3.8"
      "@peculiar/json-schema" "^1.1.12"
      pvtsutils "^1.3.5"
      tslib "^2.6.2"
      webcrypto-core "^1.7.9"
  
  "@protobufjs/aspromise@^1.1.1", "@protobufjs/aspromise@^1.1.2":
    version "1.1.2"
    resolved "https://registry.npmjs.org/@protobufjs/aspromise/-/aspromise-1.1.2.tgz"
    integrity sha512-j+gKExEuLmKwvz3OgROXtrJ2UG2x8Ch2YZUxahh+s1F2HZ+wAceUNLkvy6zKCPVRkU++ZWQrdxsUeQXmcg4uoQ==
  
  "@protobufjs/base64@^1.1.2":
    version "1.1.2"
    resolved "https://registry.npmjs.org/@protobufjs/base64/-/base64-1.1.2.tgz"
    integrity sha512-AZkcAA5vnN/v4PDqKyMR5lx7hZttPDgClv83E//FMNhR2TMcLUhfRUBHCmSl0oi9zMgDDqRUJkSxO3wm85+XLg==
  
  "@protobufjs/codegen@^2.0.4":
    version "2.0.4"
    resolved "https://registry.npmjs.org/@protobufjs/codegen/-/codegen-2.0.4.tgz"
    integrity sha512-YyFaikqM5sH0ziFZCN3xDC7zeGaB/d0IUb9CATugHWbd1FRFwWwt4ld4OYMPWu5a3Xe01mGAULCdqhMlPl29Jg==
  
  "@protobufjs/eventemitter@^1.1.0":
    version "1.1.0"
    resolved "https://registry.npmjs.org/@protobufjs/eventemitter/-/eventemitter-1.1.0.tgz"
    integrity sha512-j9ednRT81vYJ9OfVuXG6ERSTdEL1xVsNgqpkxMsbIabzSo3goCjDIveeGv5d03om39ML71RdmrGNjG5SReBP/Q==
  
  "@protobufjs/fetch@^1.1.0":
    version "1.1.0"
    resolved "https://registry.npmjs.org/@protobufjs/fetch/-/fetch-1.1.0.tgz"
    integrity sha512-lljVXpqXebpsijW71PZaCYeIcE5on1w5DlQy5WH6GLbFryLUrBD4932W/E2BSpfRJWseIL4v/KPgBFxDOIdKpQ==
    dependencies:
      "@protobufjs/aspromise" "^1.1.1"
      "@protobufjs/inquire" "^1.1.0"
  
  "@protobufjs/float@^1.0.2":
    version "1.0.2"
    resolved "https://registry.npmjs.org/@protobufjs/float/-/float-1.0.2.tgz"
    integrity sha512-Ddb+kVXlXst9d+R9PfTIxh1EdNkgoRe5tOX6t01f1lYWOvJnSPDBlG241QLzcyPdoNTsblLUdujGSE4RzrTZGQ==
  
  "@protobufjs/inquire@^1.1.0":
    version "1.1.0"
    resolved "https://registry.npmjs.org/@protobufjs/inquire/-/inquire-1.1.0.tgz"
    integrity sha512-kdSefcPdruJiFMVSbn801t4vFK7KB/5gd2fYvrxhuJYg8ILrmn9SKSX2tZdV6V+ksulWqS7aXjBcRXl3wHoD9Q==
  
  "@protobufjs/path@^1.1.2":
    version "1.1.2"
    resolved "https://registry.npmjs.org/@protobufjs/path/-/path-1.1.2.tgz"
    integrity sha512-6JOcJ5Tm08dOHAbdR3GrvP+yUUfkjG5ePsHYczMFLq3ZmMkAD98cDgcT2iA1lJ9NVwFd4tH/iSSoe44YWkltEA==
  
  "@protobufjs/pool@^1.1.0":
    version "1.1.0"
    resolved "https://registry.npmjs.org/@protobufjs/pool/-/pool-1.1.0.tgz"
    integrity sha512-0kELaGSIDBKvcgS4zkjz1PeddatrjYcmMWOlAuAPwAeccUrPHdUqo/J6LiymHHEiJT5NrF1UVwxY14f+fy4WQw==
  
  "@protobufjs/utf8@^1.1.0":
    version "1.1.0"
    resolved "https://registry.npmjs.org/@protobufjs/utf8/-/utf8-1.1.0.tgz"
    integrity sha512-Vvn3zZrhQZkkBE8LSuW3em98c0FwgO4nxzv6OdSxPKJIEKY2bGbHn+mhGIPerzI4twdxaP8/0+06HBpwf345Lw==
  
  "@sinclair/typebox@^0.27.8":
    version "0.27.8"
    resolved "https://registry.npmjs.org/@sinclair/typebox/-/typebox-0.27.8.tgz"
    integrity sha512-+Fj43pSMwJs4KRrH/938Uf+uAELIgVBmQzg/q1YG10djyfA3TnrU8N8XzqCh/okZdszqBQTZf96idMfE5lnwTA==
  
  "@sinonjs/commons@^2.0.0":
    version "2.0.0"
    resolved "https://registry.npmjs.org/@sinonjs/commons/-/commons-2.0.0.tgz"
    integrity sha512-uLa0j859mMrg2slwQYdO/AkrOfmH+X6LTVmNTS9CqexuE2IvVORIkSpJLqePAbEnKJ77aMmCwr1NUZ57120Xcg==
    dependencies:
      type-detect "4.0.8"
  
  "@sinonjs/fake-timers@^10.0.2":
    version "10.0.2"
    resolved "https://registry.npmjs.org/@sinonjs/fake-timers/-/fake-timers-10.0.2.tgz"
    integrity sha512-SwUDyjWnah1AaNl7kxsa7cfLhlTYoiyhDAIgyh+El30YvXs/o7OLXpYH88Zdhyx9JExKrmHDJ+10bwIcY80Jmw==
    dependencies:
      "@sinonjs/commons" "^2.0.0"
  
  "@tact-lang/compiler@~1.3.0":
    version "1.3.0"
    resolved "https://registry.npmjs.org/@tact-lang/compiler/-/compiler-1.3.0.tgz"
    integrity sha512-JER8kAritfvLFLOfKnFfJ+A7vB9RZJFwfO4c0AzWBuzDJCyOp6ByIhNPkn+srpoDOEd7U0yMIyzq4RjCnRyTJw==
    dependencies:
      "@ipld/dag-pb" "2.1.18"
      "@tact-lang/opcode" "^0.0.14"
      "@ton/core" "0.56.3"
      "@ton/crypto" "^3.2.0"
      blockstore-core "1.0.5"
      change-case "^4.1.2"
      ipfs-unixfs-importer "9.0.10"
      meow "^13.2.0"
      mkdirp "^2.1.3"
      multiformats "^13.1.0"
      ohm-js "^17.1.0"
      path-normalize "^6.0.13"
      prando "^6.0.1"
      qs "^6.12.1"
      zod "^3.22.4"
  
  "@tact-lang/coverage@^0.0.8":
    version "0.0.8"
    resolved "https://registry.npmjs.org/@tact-lang/coverage/-/coverage-0.0.8.tgz"
    integrity sha512-e9S7gaPajCTj9z88yIEvMVVy+fHCHMpzFnj/jri33tO1HkpbE48jls8ZiAYuvDJVSbJ5hYItEklLw5hKC6jwqw==
    dependencies:
      "@tact-lang/opcode" "^0.0.14"
      glob "^9.3.2"
      prando "^6.0.1"
      teslabot "^1.5.0"
      zod "^3.20.2"
  
  "@tact-lang/deployer@^0.2.0":
    version "0.2.0"
    resolved "https://registry.npmjs.org/@tact-lang/deployer/-/deployer-0.2.0.tgz"
    integrity sha512-OIRydgnetFyrAxQefubGiy2L77cngmDNcKkuKIuzxuPCanmmVJvUEg6tDdRfhTaP1z+a4WbFPsHiDH3CslESRw==
    dependencies:
      axios "^1.3.4"
      form-data "^4.0.0"
      zod "^3.20.6"
  
  "@tact-lang/emulator@^4.2.3":
    version "4.2.3"
    resolved "https://registry.npmjs.org/@tact-lang/emulator/-/emulator-4.2.3.tgz"
    integrity sha512-uZF5cQUReToHNntiZjxP/Fc2kSO5lpO+rctuq/vFuGtpY/vdXVeT9pt8MpDgrWu6sR9emxjMDJUkRyEI0F4ROA==
    dependencies:
      prando "^6.0.1"
      teslabot "^1.5.0"
      zod "^3.20.2"
  
  "@tact-lang/opcode@^0.0.14":
    version "0.0.14"
    resolved "https://registry.npmjs.org/@tact-lang/opcode/-/opcode-0.0.14.tgz"
    integrity sha512-8FKHK2jwvViRBReO2t40DCkHAP9KPTRWZof4kdsAUJFlyeWIC8SsRQSl9QkZxF+48WvjDduKNqN5Ltb80paufA==
  
  "@tact-lang/ton-abi@^0.0.3":
    version "0.0.3"
    resolved "https://registry.npmjs.org/@tact-lang/ton-abi/-/ton-abi-0.0.3.tgz"
    integrity sha512-n3ecmlwJiRI+4YKodc2/I3OsI14kYuxjPgFSWdNfr+GRMSZ76OvDIzq8Qr8k8iA3mSE+1RIplpluNnO9HCtgXg==
  
  "@tact-lang/ton-jest@^0.0.4":
    version "0.0.4"
    resolved "https://registry.npmjs.org/@tact-lang/ton-jest/-/ton-jest-0.0.4.tgz"
    integrity sha512-FWjfiNvhMlE44ZLLL7tgmHbrszMTPMttmYiaTekf1vwFXV3uAOawM8xM9NldYaCVs9eh8840PjgISdMMUTCSCw==
  
  "@ton/core@0.56.3":
    version "0.56.3"
    resolved "https://registry.npmjs.org/@ton/core/-/core-0.56.3.tgz"
    integrity sha512-HVkalfqw8zqLLPehtq0CNhu5KjVzc7IrbDwDHPjGoOSXmnqSobiWj8a5F+YuWnZnEbQKtrnMGNOOjVw4LG37rg==
    dependencies:
      symbol.inspect "1.0.1"
  
  "@ton/core@^0.55.0":
    version "0.55.0"
    resolved "https://registry.npmjs.org/@ton/core/-/core-0.55.0.tgz"
    integrity sha512-P/FRnMgCfY0IwHOHVqgJxwmNAkSApumcGqfxfjnO+hg4Gl7ghJzv16smhXDVmCJwitkwIYPxiV4HbSf0bWemZA==
    dependencies:
      symbol.inspect "1.0.1"
  
  "@ton/crypto-primitives@2.0.0":
    version "2.0.0"
    resolved "https://registry.npmjs.org/@ton/crypto-primitives/-/crypto-primitives-2.0.0.tgz"
    integrity sha512-wttiNClmGbI6Dfy/8oyNnsIV0b/qYkCJz4Gn4eP62lJZzMtVQ94Ko7nikDX1EfYHkLI1xpOitWpW+8ZuG6XtDg==
    dependencies:
      jssha "3.2.0"
  
  "@ton/crypto@^3.2.0":
    version "3.2.0"
    resolved "https://registry.npmjs.org/@ton/crypto/-/crypto-3.2.0.tgz"
    integrity sha512-50RkwReEuV2FkxSZ8ht/x9+n0ZGtwRKGsJ0ay4I/HFhkYVG/awIIBQeH0W4j8d5lADdO5h01UtX8PJ8AjiejjA==
    dependencies:
      "@ton/crypto-primitives" "2.0.0"
      jssha "3.2.0"
      tweetnacl "1.0.3"
  
  "@ton/sandbox@^0.19.0":
    version "0.19.0"
    resolved "https://registry.npmjs.org/@ton/sandbox/-/sandbox-0.19.0.tgz"
    integrity sha512-ARSZg9Hic0UgWl2fA11PokeVFsHFaxh7tQA1KTCLpthx0QJNaFqRsxeeNNw2ICmZovB3JVWSCwYQkkd/4kVeow==
  
  "@ton/test-utils@^0.4.2":
    version "0.4.2"
    resolved "https://registry.npmjs.org/@ton/test-utils/-/test-utils-0.4.2.tgz"
    integrity sha512-fthY8Nrlmy8jnOl/vx6yjeKzzu62ZXMe7ej9Xg7rb4d3511V7dVQK+nw4YLSW5+dD/6WT03dFuNZXnuMYy5fHw==
    dependencies:
      node-inspect-extracted "^2.0.0"
  
  "@ton/ton@^13.9.0":
    version "13.11.1"
    resolved "https://registry.npmjs.org/@ton/ton/-/ton-13.11.1.tgz"
    integrity sha512-tcLdHzwhS5bmS0EGstcmfYK0ZeRrNz1AUIzUGKq/Xh0MGEwfP1qZBMloGGHLQnyZdRQ1D7Wx4g4mBKNrvG6DcQ==
    dependencies:
      axios "^1.6.7"
      dataloader "^2.0.0"
      symbol.inspect "1.0.1"
      teslabot "^1.3.0"
      zod "^3.21.4"
  
  "@tsconfig/node10@^1.0.7":
    version "1.0.9"
    resolved "https://registry.npmjs.org/@tsconfig/node10/-/node10-1.0.9.tgz"
    integrity sha512-jNsYVVxU8v5g43Erja32laIDHXeoNvFEpX33OK4d6hljo3jDhCBDhx5dhCCTMWUojscpAagGiRkBKxpdl9fxqA==
  
  "@tsconfig/node12@^1.0.7":
    version "1.0.11"
    resolved "https://registry.npmjs.org/@tsconfig/node12/-/node12-1.0.11.tgz"
    integrity sha512-cqefuRsh12pWyGsIoBKJA9luFu3mRxCA+ORZvA4ktLSzIuCUtWVxGIuXigEwO5/ywWFMZ2QEGKWvkZG1zDMTag==
  
  "@tsconfig/node14@^1.0.0":
    version "1.0.3"
    resolved "https://registry.npmjs.org/@tsconfig/node14/-/node14-1.0.3.tgz"
    integrity sha512-ysT8mhdixWK6Hw3i1V2AeRqZ5WfXg1G43mqoYlM2nc6388Fq5jcXyr5mRsqViLx/GJYdoL0bfXD8nmF+Zn/Iow==
  
  "@tsconfig/node16@^1.0.2":
    version "1.0.3"
    resolved "https://registry.npmjs.org/@tsconfig/node16/-/node16-1.0.3.tgz"
    integrity sha512-yOlFc+7UtL/89t2ZhjPvvB/DeAr3r+Dq58IgzsFkOAvVC6NMJXmCGjbptdXdR9qsX7pKcTL+s87FtYREi2dEEQ==
  
  "@types/babel__core@^7.1.14":
    version "7.20.0"
    resolved "https://registry.npmjs.org/@types/babel__core/-/babel__core-7.20.0.tgz"
    integrity sha512-+n8dL/9GWblDO0iU6eZAwEIJVr5DWigtle+Q6HLOrh/pdbXOhOtqzq8VPPE2zvNJzSKY4vH/z3iT3tn0A3ypiQ==
    dependencies:
      "@babel/parser" "^7.20.7"
      "@babel/types" "^7.20.7"
      "@types/babel__generator" "*"
      "@types/babel__template" "*"
      "@types/babel__traverse" "*"
  
  "@types/babel__generator@*":
    version "7.6.4"
    resolved "https://registry.npmjs.org/@types/babel__generator/-/babel__generator-7.6.4.tgz"
    integrity sha512-tFkciB9j2K755yrTALxD44McOrk+gfpIpvC3sxHjRawj6PfnQxrse4Clq5y/Rq+G3mrBurMax/lG8Qn2t9mSsg==
    dependencies:
      "@babel/types" "^7.0.0"
  
  "@types/babel__template@*":
    version "7.4.1"
    resolved "https://registry.npmjs.org/@types/babel__template/-/babel__template-7.4.1.tgz"
    integrity sha512-azBFKemX6kMg5Io+/rdGT0dkGreboUVR0Cdm3fz9QJWpaQGJRQXl7C+6hOTCZcMll7KFyEQpgbYI2lHdsS4U7g==
    dependencies:
      "@babel/parser" "^7.1.0"
      "@babel/types" "^7.0.0"
  
  "@types/babel__traverse@*", "@types/babel__traverse@^7.0.6":
    version "7.18.3"
    resolved "https://registry.npmjs.org/@types/babel__traverse/-/babel__traverse-7.18.3.tgz"
    integrity sha512-1kbcJ40lLB7MHsj39U4Sh1uTd2E7rLEa79kmDpI6cy+XiXsteB3POdQomoq4FxszMrO3ZYchkhYJw7A2862b3w==
    dependencies:
      "@babel/types" "^7.3.0"
  
  "@types/body-parser@*":
    version "1.19.5"
    resolved "https://registry.npmjs.org/@types/body-parser/-/body-parser-1.19.5.tgz"
    integrity sha512-fB3Zu92ucau0iQ0JMCFQE7b/dv8Ot07NI3KaZIkIUNXq82k4eBAqUaneXfleGY9JWskeS9y+u0nXMyspcuQrCg==
    dependencies:
      "@types/connect" "*"
      "@types/node" "*"
  
  "@types/connect@*":
    version "3.4.38"
    resolved "https://registry.npmjs.org/@types/connect/-/connect-3.4.38.tgz"
    integrity sha512-K6uROf1LD88uDQqJCktA4yzL1YYAK6NgfsI0v/mTgyPKWsX1CnJ0XPSDhViejru1GcRkLWb8RlzFYJRqGUbaug==
    dependencies:
      "@types/node" "*"
  
  "@types/cors@*":
    version "2.8.17"
    resolved "https://registry.npmjs.org/@types/cors/-/cors-2.8.17.tgz"
    integrity sha512-8CGDvrBj1zgo2qE+oS3pOCyYNqCPryMWY2bGfwA0dcfopWGgxs+78df0Rs3rc9THP4JkOhLsAa+15VdpAqkcUA==
    dependencies:
      "@types/node" "*"
  
  "@types/crypto-js@^4.2.2":
    version "4.2.2"
    resolved "https://registry.yarnpkg.com/@types/crypto-js/-/crypto-js-4.2.2.tgz#771c4a768d94eb5922cc202a3009558204df0cea"
    integrity sha512-sDOLlVbHhXpAUAL0YHDUUwDZf3iN4Bwi4W6a0W0b+QcAezUbRtH4FVb+9J4h+XFPW7l/gQ9F8qC7P+Ec4k8QVQ==
  
  "@types/express-serve-static-core@^4.17.33":
    version "4.19.3"
    resolved "https://registry.npmjs.org/@types/express-serve-static-core/-/express-serve-static-core-4.19.3.tgz"
    integrity sha512-KOzM7MhcBFlmnlr/fzISFF5vGWVSvN6fTd4T+ExOt08bA/dA5kpSzY52nMsI1KDFmUREpJelPYyuslLRSjjgCg==
    dependencies:
      "@types/node" "*"
      "@types/qs" "*"
      "@types/range-parser" "*"
      "@types/send" "*"
  
  "@types/express-validator@^3.0.0":
    version "3.0.0"
    resolved "https://registry.yarnpkg.com/@types/express-validator/-/express-validator-3.0.0.tgz#e6f3cab842e5ae376a1cfa11295202ec380b68d1"
    integrity sha512-LusnB0YhTXpBT25PXyGPQlK7leE1e41Vezq1hHEUwjfkopM1Pkv2X2Ppxqh9c+w/HZ6Udzki8AJotKNjDTGdkQ==
    dependencies:
      express-validator "*"
  
  "@types/express@*":
    version "4.17.21"
    resolved "https://registry.npmjs.org/@types/express/-/express-4.17.21.tgz"
    integrity sha512-ejlPM315qwLpaQlQDTjPdsUFSc6ZsP4AN6AlWnogPjQ7CVi7PYF3YVz+CY3jE2pwYf7E/7HlDAN0rV2GxTG0HQ==
    dependencies:
      "@types/body-parser" "*"
      "@types/express-serve-static-core" "^4.17.33"
      "@types/qs" "*"
      "@types/serve-static" "*"
  
  "@types/graceful-fs@^4.1.3":
    version "4.1.6"
    resolved "https://registry.npmjs.org/@types/graceful-fs/-/graceful-fs-4.1.6.tgz"
    integrity sha512-Sig0SNORX9fdW+bQuTEovKj3uHcUL6LQKbCrrqb1X7J6/ReAbhCXRAhc+SMejhLELFj2QcyuxmUooZ4bt5ReSw==
    dependencies:
      "@types/node" "*"
  
  "@types/http-errors@*":
    version "2.0.4"
    resolved "https://registry.npmjs.org/@types/http-errors/-/http-errors-2.0.4.tgz"
    integrity sha512-D0CFMMtydbJAegzOyHjtiKPLlvnm3iTZyZRSZoLq2mRhDdmLfIWOCYPfQJ4cu2erKghU++QvjcUjp/5h7hESpA==
  
  "@types/istanbul-lib-coverage@*", "@types/istanbul-lib-coverage@^2.0.0", "@types/istanbul-lib-coverage@^2.0.1":
    version "2.0.4"
    resolved "https://registry.npmjs.org/@types/istanbul-lib-coverage/-/istanbul-lib-coverage-2.0.4.tgz"
    integrity sha512-z/QT1XN4K4KYuslS23k62yDIDLwLFkzxOuMplDtObz0+y7VqJCaO2o+SPwHCvLFZh7xazvvoor2tA/hPz9ee7g==
  
  "@types/istanbul-lib-report@*":
    version "3.0.0"
    resolved "https://registry.npmjs.org/@types/istanbul-lib-report/-/istanbul-lib-report-3.0.0.tgz"
    integrity sha512-plGgXAPfVKFoYfa9NpYDAkseG+g6Jr294RqeqcqDixSbU34MZVJRi/P+7Y8GDpzkEwLaGZZOpKIEmeVZNtKsrg==
    dependencies:
      "@types/istanbul-lib-coverage" "*"
  
  "@types/istanbul-reports@^3.0.0":
    version "3.0.1"
    resolved "https://registry.npmjs.org/@types/istanbul-reports/-/istanbul-reports-3.0.1.tgz"
    integrity sha512-c3mAZEuK0lvBp8tmuL74XRKn1+y2dcwOUpH7x4WrF6gk1GIgiluDRgMYQtw2OFcBvAJWlt6ASU3tSqxp0Uu0Aw==
    dependencies:
      "@types/istanbul-lib-report" "*"
  
  "@types/jest@^29.2.4":
    version "29.4.0"
    resolved "https://registry.npmjs.org/@types/jest/-/jest-29.4.0.tgz"
    integrity sha512-VaywcGQ9tPorCX/Jkkni7RWGFfI11whqzs8dvxF41P17Z+z872thvEvlIbznjPJ02kl1HMX3LmLOonsj2n7HeQ==
    dependencies:
      expect "^29.0.0"
      pretty-format "^29.0.0"
  
  "@types/jsonwebtoken@^9.0.6":
    version "9.0.6"
    resolved "https://registry.yarnpkg.com/@types/jsonwebtoken/-/jsonwebtoken-9.0.6.tgz#d1af3544d99ad992fb6681bbe60676e06b032bd3"
    integrity sha512-/5hndP5dCjloafCXns6SZyESp3Ldq7YjH3zwzwczYnjxIT0Fqzk5ROSYVGfFyczIue7IUEj8hkvLbPoLQ18vQw==
    dependencies:
      "@types/node" "*"
  
  "@types/long@^4.0.1":
    version "4.0.2"
    resolved "https://registry.npmjs.org/@types/long/-/long-4.0.2.tgz"
    integrity sha512-MqTGEo5bj5t157U6fA/BiDynNkn0YknVdh48CMPkTSpFTVmvao5UQmm7uEF6xBEo7qIMAlY/JSleYaE6VOdpaA==
  
  "@types/mime@^1":
    version "1.3.5"
    resolved "https://registry.npmjs.org/@types/mime/-/mime-1.3.5.tgz"
    integrity sha512-/pyBZWSLD2n0dcHE3hq8s8ZvcETHtEuF+3E7XVt0Ig2nvsVQXdghHVcEkIWjy9A0wKfTn97a/PSDYohKIlnP/w==
  
  "@types/node-fetch@^2.0":
    version "2.6.11"
    resolved "https://registry.npmjs.org/@types/node-fetch/-/node-fetch-2.6.11.tgz"
    integrity sha512-24xFj9R5+rfQJLRyM56qh+wnVSYhyXC2tkoBndtY0U+vubqNsYXGjufB2nn8Q6gt0LrARwL6UBtMCSVCwl4B1g==
    dependencies:
      "@types/node" "*"
      form-data "^4.0.0"
  
  "@types/node@*", "@types/node@>=13.7.0", "@types/node@^18.11.14":
    version "18.11.18"
    resolved "https://registry.npmjs.org/@types/node/-/node-18.11.18.tgz"
    integrity sha512-DHQpWGjyQKSHj3ebjFI/wRKcqQcdR+MoFBygntYOZytCqNfkd2ZC4ARDJ2DQqhjH5p85Nnd3jhUJIXrszFX/JA==
  
  "@types/prettier@^2.1.5":
    version "2.7.2"
    resolved "https://registry.npmjs.org/@types/prettier/-/prettier-2.7.2.tgz"
    integrity sha512-KufADq8uQqo1pYKVIYzfKbJfBAc0sOeXqGbFaSpv8MRmC/zXgowNZmFcbngndGk922QDmOASEXUZCaY48gs4cg==
  
  "@types/qs@*", "@types/qs@^6.9.7":
    version "6.9.7"
    resolved "https://registry.npmjs.org/@types/qs/-/qs-6.9.7.tgz"
    integrity sha512-FGa1F62FT09qcrueBA6qYTrJPVDzah9a+493+o2PCXsesWHIn27G98TsSMs3WPNbZIEj4+VJf6saSFpvD+3Zsw==
  
  "@types/range-parser@*":
    version "1.2.7"
    resolved "https://registry.npmjs.org/@types/range-parser/-/range-parser-1.2.7.tgz"
    integrity sha512-hKormJbkJqzQGhziax5PItDUTMAM9uE2XXQmM37dyd4hVM+5aVl7oVxMVUiVQn2oCQFN/LKCZdvSM0pFRqbSmQ==
  
  "@types/send@*":
    version "0.17.4"
    resolved "https://registry.npmjs.org/@types/send/-/send-0.17.4.tgz"
    integrity sha512-x2EM6TJOybec7c52BX0ZspPodMsQUd5L6PRwOunVyVUhXiBSKf3AezDL8Dgvgt5o0UfKNfuA0eMLr2wLT4AiBA==
    dependencies:
      "@types/mime" "^1"
      "@types/node" "*"
  
  "@types/serve-static@*":
    version "1.15.7"
    resolved "https://registry.npmjs.org/@types/serve-static/-/serve-static-1.15.7.tgz"
    integrity sha512-W8Ym+h8nhuRwaKPaDw34QUkwsGi6Rc4yYqvKFo5rm2FUEhCFbzVWrxXUxuKK8TASjWsysJY0nsmNCGhCOIsrOw==
    dependencies:
      "@types/http-errors" "*"
      "@types/node" "*"
      "@types/send" "*"
  
  "@types/stack-utils@^2.0.0":
    version "2.0.1"
    resolved "https://registry.npmjs.org/@types/stack-utils/-/stack-utils-2.0.1.tgz"
    integrity sha512-Hl219/BT5fLAaz6NDkSuhzasy49dwQS/DSdu4MdggFB8zcXv7vflBI3xp7FEmkmdDkBUI2bPUNeMttp2knYdxw==
  
  "@types/yargs-parser@*":
    version "21.0.0"
    resolved "https://registry.npmjs.org/@types/yargs-parser/-/yargs-parser-21.0.0.tgz"
    integrity sha512-iO9ZQHkZxHn4mSakYV0vFHAVDyEOIJQrV2uZ06HxEPcx+mt8swXoZHIbaaJ2crJYFfErySgktuTZ3BeLz+XmFA==
  
  "@types/yargs@^17.0.8":
    version "17.0.22"
    resolved "https://registry.npmjs.org/@types/yargs/-/yargs-17.0.22.tgz"
    integrity sha512-pet5WJ9U8yPVRhkwuEIp5ktAeAqRZOq4UdAyWLWzxbtpyXnzbtLdKiXAjJzi/KLmPGS9wk86lUFWZFN6sISo4g==
    dependencies:
      "@types/yargs-parser" "*"
  
  "@unimodules/core@*":
    version "7.1.2"
    resolved "https://registry.npmjs.org/@unimodules/core/-/core-7.1.2.tgz"
    integrity sha512-lY+e2TAFuebD3vshHMIRqru3X4+k7Xkba4Wa7QsDBd+ex4c4N2dHAO61E2SrGD9+TRBD8w/o7mzK6ljbqRnbyg==
    dependencies:
      compare-versions "^3.4.0"
  
  "@unimodules/react-native-adapter@*":
    version "6.3.9"
    resolved "https://registry.npmjs.org/@unimodules/react-native-adapter/-/react-native-adapter-6.3.9.tgz"
    integrity sha512-i9/9Si4AQ8awls+YGAKkByFbeAsOPgUNeLoYeh2SQ3ddjxJ5ZJDtq/I74clDnpDcn8zS9pYlcDJ9fgVJa39Glw==
    dependencies:
      expo-modules-autolinking "^0.0.3"
      invariant "^2.2.4"
  
  accepts@~1.3.8:
    version "1.3.8"
    resolved "https://registry.npmjs.org/accepts/-/accepts-1.3.8.tgz"
    integrity sha512-PYAthTa2m2VKxuvSD3DPC/Gy+U+sOA1LAuT8mkmRuvw+NACSaeXEQ+NHcVF7rONl6qcaxV3Uuemwawk+7+SJLw==
    dependencies:
      mime-types "~2.1.34"
      negotiator "0.6.3"
  
  acorn-walk@^8.1.1:
    version "8.2.0"
    resolved "https://registry.npmjs.org/acorn-walk/-/acorn-walk-8.2.0.tgz"
    integrity sha512-k+iyHEuPgSw6SbuDpGQM+06HQUa04DZ3o+F6CSzXMvvI5KMvnaEqXe+YVe555R9nn6GPt404fos4wcgpw12SDA==
  
  acorn@^8.4.1:
    version "8.8.2"
    resolved "https://registry.npmjs.org/acorn/-/acorn-8.8.2.tgz"
    integrity sha512-xjIYgE8HBrkpd/sJqOGNspf8uHG+NOHGOw6a/Urj8taM2EXfdNAH2oFcPeIFfsv3+kz/mJrS5VuMqbNLjCa2vw==
  
  ansi-colors@^4.1.1:
    version "4.1.3"
    resolved "https://registry.npmjs.org/ansi-colors/-/ansi-colors-4.1.3.tgz"
    integrity sha512-/6w/C21Pm1A7aZitlI5Ni/2J6FFQN8i1Cvz3kHABAAbw93v/NlvKdVOqz7CCWz/3iv/JplRSEEZ83XION15ovw==
  
  ansi-escapes@^4.2.1:
    version "4.3.2"
    resolved "https://registry.npmjs.org/ansi-escapes/-/ansi-escapes-4.3.2.tgz"
    integrity sha512-gKXj5ALrKWQLsYG9jlTRmR/xKluxHV+Z9QEwNIgCfM1/uwPMCuzVVnh5mwTd+OuBZcwSIMbqssNWRm1lE51QaQ==
    dependencies:
      type-fest "^0.21.3"
  
  ansi-regex@^5.0.1:
    version "5.0.1"
    resolved "https://registry.npmjs.org/ansi-regex/-/ansi-regex-5.0.1.tgz"
    integrity sha512-quJQXlTSUGL2LH9SUXo8VwsY4soanhgo6LNSm84E1LBcE8s3O0wpdiRzyR9z/ZZJMlMWv37qOOb9pdJlMUEKFQ==
  
  ansi-styles@^3.2.1:
    version "3.2.1"
    resolved "https://registry.npmjs.org/ansi-styles/-/ansi-styles-3.2.1.tgz"
    integrity sha512-VT0ZI6kZRdTh8YyJw3SMbYm/u+NqfsAxEpWO0Pf9sq8/e94WxxOpPKx9FR1FlyCtOVDNOQ+8ntlqFxiRc+r5qA==
    dependencies:
      color-convert "^1.9.0"
  
  ansi-styles@^4.0.0, ansi-styles@^4.1.0:
    version "4.3.0"
    resolved "https://registry.npmjs.org/ansi-styles/-/ansi-styles-4.3.0.tgz"
    integrity sha512-zbB9rCJAT1rbjiVDb2hqKFHNYLxgtk8NURxZ3IZwD3F6NtxbXZQCnnSi1Lkx+IDohdPlFp222wVALIheZJQSEg==
    dependencies:
      color-convert "^2.0.1"
  
  ansi-styles@^5.0.0:
    version "5.2.0"
    resolved "https://registry.npmjs.org/ansi-styles/-/ansi-styles-5.2.0.tgz"
    integrity sha512-Cxwpt2SfTzTtXcfOlzGEee8O+c+MmUgGrNiBcXnuWxuFJHe6a5Hz7qwhwe5OgaSYI0IJvkLqWX1ASG+cJOkEiA==
  
  anymatch@^3.0.3:
    version "3.1.3"
    resolved "https://registry.npmjs.org/anymatch/-/anymatch-3.1.3.tgz"
    integrity sha512-KMReFUr0B4t+D+OBkjR3KYqvocp2XaSzO55UcB6mgQMd3KbcE+mWTyvVV7D/zsdEbNnV6acZUutkiHQXvTr1Rw==
    dependencies:
      normalize-path "^3.0.0"
      picomatch "^2.0.4"
  
  arg@^4.1.0:
    version "4.1.3"
    resolved "https://registry.npmjs.org/arg/-/arg-4.1.3.tgz"
    integrity sha512-58S9QDqG0Xx27YwPSt9fJxivjYl432YCwfDMfZ+71RAqUrZef7LrKQZ3LHLOwCS4FLNBplP533Zx895SeOCHvA==
  
  argparse@^1.0.7:
    version "1.0.10"
    resolved "https://registry.npmjs.org/argparse/-/argparse-1.0.10.tgz"
    integrity sha512-o5Roy6tNG4SL/FOkCAN6RzjiakZS25RLYFrcMttJqbdd8BWrnA+fGz57iN5Pb06pvBGvl5gQ0B48dJlslXvoTg==
    dependencies:
      sprintf-js "~1.0.2"
  
  array-flatten@1.1.1:
    version "1.1.1"
    resolved "https://registry.npmjs.org/array-flatten/-/array-flatten-1.1.1.tgz"
    integrity sha512-PCVAQswWemu6UdxsDFFX/+gVeYqKAod3D3UVm91jHwynguOwAvYPhx8nNlM++NqRcK6CxxpUafjmhIdKiHibqg==
  
  asmcrypto.js@^0.22.0:
    version "0.22.0"
    resolved "https://registry.npmjs.org/asmcrypto.js/-/asmcrypto.js-0.22.0.tgz"
    integrity sha512-usgMoyXjMbx/ZPdzTSXExhMPur2FTdz/Vo5PVx2gIaBcdAAJNOFlsdgqveM8Cff7W0v+xrf9BwjOV26JSAF9qA==
  
  asn1js@^3.0.1, asn1js@^3.0.5:
    version "3.0.5"
    resolved "https://registry.npmjs.org/asn1js/-/asn1js-3.0.5.tgz"
    integrity sha512-FVnvrKJwpt9LP2lAMl8qZswRNm3T4q9CON+bxldk2iwk3FFpuwhx2FfinyitizWHsVYyaY+y5JzDR0rCMV5yTQ==
    dependencies:
      pvtsutils "^1.3.2"
      pvutils "^1.1.3"
      tslib "^2.4.0"
  
  asynckit@^0.4.0:
    version "0.4.0"
    resolved "https://registry.npmjs.org/asynckit/-/asynckit-0.4.0.tgz"
    integrity sha512-Oei9OH4tRh0YqU3GxhX79dM/mwVgvbZJaSNaRk+bshkj0S5cfHcgYakreBjrHwatXKbz+IoIdYLxrKim2MjW0Q==
  
  at-least-node@^1.0.0:
    version "1.0.0"
    resolved "https://registry.npmjs.org/at-least-node/-/at-least-node-1.0.0.tgz"
    integrity sha512-+q/t7Ekv1EDY2l6Gda6LLiX14rU9TV20Wa3ofeQmwPFZbOMo9DXrLbOjFaaclkXKWidIaopwAObQDqwWtGUjqg==
  
  axios@^0.25.0:
    version "0.25.0"
    resolved "https://registry.yarnpkg.com/axios/-/axios-0.25.0.tgz#349cfbb31331a9b4453190791760a8d35b093e0a"
    integrity sha512-cD8FOb0tRH3uuEe6+evtAbgJtfxr7ly3fQjYcMcuPlgkwVS9xboaVIpcDV+cYQe+yGykgwZCs1pzjntcGa6l5g==
    dependencies:
      follow-redirects "^1.14.7"
  
  axios@^1.3.4, axios@^1.6.7, axios@^1.7.2:
    version "1.7.2"
    resolved "https://registry.npmjs.org/axios/-/axios-1.7.2.tgz"
    integrity sha512-2A8QhOMrbomlDuiLeK9XibIBzuHeRcqqNOHp0Cyp5EoJ1IFDh+XZH3A6BkXtv0K4gFGCI0Y4BM7B1wOEi0Rmgw==
    dependencies:
      follow-redirects "^1.15.6"
      form-data "^4.0.0"
      proxy-from-env "^1.1.0"
  
  b64-lite@^1.3.1, b64-lite@^1.4.0:
    version "1.4.0"
    resolved "https://registry.npmjs.org/b64-lite/-/b64-lite-1.4.0.tgz"
    integrity sha512-aHe97M7DXt+dkpa8fHlCcm1CnskAHrJqEfMI0KN7dwqlzml/aUe1AGt6lk51HzrSfVD67xOso84sOpr+0wIe2w==
    dependencies:
      base-64 "^0.1.0"
  
  b64u-lite@^1.0.1:
    version "1.1.0"
    resolved "https://registry.npmjs.org/b64u-lite/-/b64u-lite-1.1.0.tgz"
    integrity sha512-929qWGDVCRph7gQVTC6koHqQIpF4vtVaSbwLltFQo44B1bYUquALswZdBKFfrJCPEnsCOvWkJsPdQYZ/Ukhw8A==
    dependencies:
      b64-lite "^1.4.0"
  
  babel-jest@^29.4.1:
    version "29.4.1"
    resolved "https://registry.npmjs.org/babel-jest/-/babel-jest-29.4.1.tgz"
    integrity sha512-xBZa/pLSsF/1sNpkgsiT3CmY7zV1kAsZ9OxxtrFqYucnOuRftXAfcJqcDVyOPeN4lttWTwhLdu0T9f8uvoPEUg==
    dependencies:
      "@jest/transform" "^29.4.1"
      "@types/babel__core" "^7.1.14"
      babel-plugin-istanbul "^6.1.1"
      babel-preset-jest "^29.4.0"
      chalk "^4.0.0"
      graceful-fs "^4.2.9"
      slash "^3.0.0"
  
  babel-plugin-istanbul@^6.1.1:
    version "6.1.1"
    resolved "https://registry.npmjs.org/babel-plugin-istanbul/-/babel-plugin-istanbul-6.1.1.tgz"
    integrity sha512-Y1IQok9821cC9onCx5otgFfRm7Lm+I+wwxOx738M/WLPZ9Q42m4IG5W0FNX8WLL2gYMZo3JkuXIH2DOpWM+qwA==
    dependencies:
      "@babel/helper-plugin-utils" "^7.0.0"
      "@istanbuljs/load-nyc-config" "^1.0.0"
      "@istanbuljs/schema" "^0.1.2"
      istanbul-lib-instrument "^5.0.4"
      test-exclude "^6.0.0"
  
  babel-plugin-jest-hoist@^29.4.0:
    version "29.4.0"
    resolved "https://registry.npmjs.org/babel-plugin-jest-hoist/-/babel-plugin-jest-hoist-29.4.0.tgz"
    integrity sha512-a/sZRLQJEmsmejQ2rPEUe35nO1+C9dc9O1gplH1SXmJxveQSRUYdBk8yGZG/VOUuZs1u2aHZJusEGoRMbhhwCg==
    dependencies:
      "@babel/template" "^7.3.3"
      "@babel/types" "^7.3.3"
      "@types/babel__core" "^7.1.14"
      "@types/babel__traverse" "^7.0.6"
  
  babel-preset-current-node-syntax@^1.0.0:
    version "1.0.1"
    resolved "https://registry.npmjs.org/babel-preset-current-node-syntax/-/babel-preset-current-node-syntax-1.0.1.tgz"
    integrity sha512-M7LQ0bxarkxQoN+vz5aJPsLBn77n8QgTFmo8WK0/44auK2xlCXrYcUxHFxgU7qW5Yzw/CjmLRK2uJzaCd7LvqQ==
    dependencies:
      "@babel/plugin-syntax-async-generators" "^7.8.4"
      "@babel/plugin-syntax-bigint" "^7.8.3"
      "@babel/plugin-syntax-class-properties" "^7.8.3"
      "@babel/plugin-syntax-import-meta" "^7.8.3"
      "@babel/plugin-syntax-json-strings" "^7.8.3"
      "@babel/plugin-syntax-logical-assignment-operators" "^7.8.3"
      "@babel/plugin-syntax-nullish-coalescing-operator" "^7.8.3"
      "@babel/plugin-syntax-numeric-separator" "^7.8.3"
      "@babel/plugin-syntax-object-rest-spread" "^7.8.3"
      "@babel/plugin-syntax-optional-catch-binding" "^7.8.3"
      "@babel/plugin-syntax-optional-chaining" "^7.8.3"
      "@babel/plugin-syntax-top-level-await" "^7.8.3"
  
  babel-preset-jest@^29.4.0:
    version "29.4.0"
    resolved "https://registry.npmjs.org/babel-preset-jest/-/babel-preset-jest-29.4.0.tgz"
    integrity sha512-fUB9vZflUSM3dO/6M2TCAepTzvA4VkOvl67PjErcrQMGt9Eve7uazaeyCZ2th3UtI7ljpiBJES0F7A1vBRsLZA==
    dependencies:
      babel-plugin-jest-hoist "^29.4.0"
      babel-preset-current-node-syntax "^1.0.0"
  
  balanced-match@^1.0.0:
    version "1.0.2"
    resolved "https://registry.npmjs.org/balanced-match/-/balanced-match-1.0.2.tgz"
    integrity sha512-3oSeUO0TMV67hN1AmbXsK4yaqU7tjiHlbxRDZOpH0KW9+CeX4bRAaX0Anxt0tx2MrpRpWwQaPwIlISEJhYU5Pw==
  
  base-64@^0.1.0:
    version "0.1.0"
    resolved "https://registry.npmjs.org/base-64/-/base-64-0.1.0.tgz"
    integrity sha512-Y5gU45svrR5tI2Vt/X9GPd3L0HNIKzGu202EjxrXMpuc2V2CiKgemAbUUsqYmZJvPtCXoUKjNZwBJzsNScUbXA==
  
  base64-js@*, base64-js@^1.3.0, base64-js@^1.3.1:
    version "1.5.1"
    resolved "https://registry.npmjs.org/base64-js/-/base64-js-1.5.1.tgz"
    integrity sha512-AKpaYlHn8t4SVbOHCy+b5+KKgvR4vrsD8vbvrbiQJps7fKDTkjkDry6ji0rUJjC0kzbNePLwzxq8iypo41qeWA==
  
  base64url@^3.0.1:
    version "3.0.1"
    resolved "https://registry.npmjs.org/base64url/-/base64url-3.0.1.tgz"
    integrity sha512-ir1UPr3dkwexU7FdV8qBBbNDRUhMmIekYMFZfi+C/sLNnRESKPl23nB9b2pltqfOQNnGzsDdId90AEtG5tCx4A==
  
  bintrees@1.0.2:
    version "1.0.2"
    resolved "https://registry.yarnpkg.com/bintrees/-/bintrees-1.0.2.tgz#49f896d6e858a4a499df85c38fb399b9aff840f8"
    integrity sha512-VOMgTMwjAaUG580SXn3LacVgjurrbMme7ZZNYGSSV7mmtY6QQRh0Eg3pwIcntQ77DErK1L0NxkbetjcoXzVwKw==
  
  bl@^5.0.0:
    version "5.1.0"
    resolved "https://registry.npmjs.org/bl/-/bl-5.1.0.tgz"
    integrity sha512-tv1ZJHLfTDnXE6tMHv73YgSJaWR2AFuPwMntBe7XL/GBFHnT0CLnsHMogfk5+GzCDC5ZWarSCYaIGATZt9dNsQ==
    dependencies:
      buffer "^6.0.3"
      inherits "^2.0.4"
      readable-stream "^3.4.0"
  
  blockstore-core@1.0.5:
    version "1.0.5"
    resolved "https://registry.npmjs.org/blockstore-core/-/blockstore-core-1.0.5.tgz"
    integrity sha512-i/9CUMMvBALVbtSqUIuiWB3tk//a4Q2I2CEWiBuYNnhJvk/DWplXjLt8Sqc5VGkRVXVPSsEuH8fUtqJt5UFYcA==
    dependencies:
      err-code "^3.0.1"
      interface-blockstore "^2.0.2"
      interface-store "^2.0.1"
      it-all "^1.0.4"
      it-drain "^1.0.4"
      it-filter "^1.0.2"
      it-take "^1.0.1"
      multiformats "^9.4.7"
  
  bn.js@4.11.6:
    version "4.11.6"
    resolved "https://registry.npmjs.org/bn.js/-/bn.js-4.11.6.tgz"
    integrity sha512-XWwnNNFCuuSQ0m3r3C4LE3EiORltHd9M05pq6FOlVeiophzRbMo50Sbz1ehl8K3Z+jw9+vmgnXefY1hz8X+2wA==
  
  bn.js@5.1.1:
    version "5.1.1"
    resolved "https://registry.npmjs.org/bn.js/-/bn.js-5.1.1.tgz"
    integrity sha512-IUTD/REb78Z2eodka1QZyyEk66pciRcP6Sroka0aI3tG/iwIdYLrBD62RsubR7vqdt3WyX8p4jxeatzmRSphtA==
  
  body-parser@1.20.2:
    version "1.20.2"
    resolved "https://registry.npmjs.org/body-parser/-/body-parser-1.20.2.tgz"
    integrity sha512-ml9pReCu3M61kGlqoTm2umSXTlRTuGTx0bfYj+uIUKKYycG5NtSbeetV3faSU6R7ajOPw0g/J1PvK4qNy7s5bA==
    dependencies:
      bytes "3.1.2"
      content-type "~1.0.5"
      debug "2.6.9"
      depd "2.0.0"
      destroy "1.2.0"
      http-errors "2.0.0"
      iconv-lite "0.4.24"
      on-finished "2.4.1"
      qs "6.11.0"
      raw-body "2.5.2"
      type-is "~1.6.18"
      unpipe "1.0.0"
  
  brace-expansion@^1.1.7:
    version "1.1.11"
    resolved "https://registry.npmjs.org/brace-expansion/-/brace-expansion-1.1.11.tgz"
    integrity sha512-iCuPHDFgrHX7H2vEI/5xpz07zSHB00TpugqhmYtVmMO6518mCuRMoOYFldEBl0g187ufozdaHgWKcYFb61qGiA==
    dependencies:
      balanced-match "^1.0.0"
      concat-map "0.0.1"
  
  brace-expansion@^2.0.1:
    version "2.0.1"
    resolved "https://registry.npmjs.org/brace-expansion/-/brace-expansion-2.0.1.tgz"
    integrity sha512-XnAIvQ8eM+kC6aULx6wuQiwVsnzsi9d3WxzV3FpWTGA19F621kwdbsAcFKXgKUHZWsy+mY6iL1sHTxWEFCytDA==
    dependencies:
      balanced-match "^1.0.0"
  
  braces@^3.0.2:
    version "3.0.2"
    resolved "https://registry.npmjs.org/braces/-/braces-3.0.2.tgz"
    integrity sha512-b8um+L1RzM3WDSzvhm6gIz1yfTbBt6YTlcEKAvsmqCZZFw46z626lVj9j1yEPW33H5H+lBQpZMP1k8l+78Ha0A==
    dependencies:
      fill-range "^7.0.1"
  
  browserslist@^4.22.2:
    version "4.23.0"
    resolved "https://registry.npmjs.org/browserslist/-/browserslist-4.23.0.tgz"
    integrity sha512-QW8HiM1shhT2GuzkvklfjcKDiWFXHOeFCIA/huJPwHsslwcydgk7X+z2zXpEijP98UCY7HbubZt5J2Zgvf0CaQ==
    dependencies:
      caniuse-lite "^1.0.30001587"
      electron-to-chromium "^1.4.668"
      node-releases "^2.0.14"
      update-browserslist-db "^1.0.13"
  
  bs-logger@0.x:
    version "0.2.6"
    resolved "https://registry.npmjs.org/bs-logger/-/bs-logger-0.2.6.tgz"
    integrity sha512-pd8DCoxmbgc7hyPKOvxtqNcjYoOsABPQdcCUjGp3d42VR2CX1ORhk2A87oqqu5R1kk+76nsxZupkmyd+MVtCog==
    dependencies:
      fast-json-stable-stringify "2.x"
  
  bser@2.1.1:
    version "2.1.1"
    resolved "https://registry.npmjs.org/bser/-/bser-2.1.1.tgz"
    integrity sha512-gQxTNE/GAfIIrmHLUE3oJyp5FO6HRBfhjnw4/wMmA63ZGDJnWBmgY/lyQBpnDUkGmAhbSe39tx2d/iTOAfglwQ==
    dependencies:
      node-int64 "^0.4.0"
  
  buffer-equal-constant-time@1.0.1:
    version "1.0.1"
    resolved "https://registry.yarnpkg.com/buffer-equal-constant-time/-/buffer-equal-constant-time-1.0.1.tgz#f8e71132f7ffe6e01a5c9697a4c6f3e48d5cc819"
    integrity sha512-zRpUiDwd/xk6ADqPMATG8vc9VPrkck7T07OIx0gnjmJAnHnTVXNQG3vfvWNuiZIkwu9KrKdA1iJKfsfTVxE6NA==
  
  buffer-from@^1.0.0:
    version "1.1.2"
    resolved "https://registry.npmjs.org/buffer-from/-/buffer-from-1.1.2.tgz"
    integrity sha512-E+XQCRwSbaaiChtv6k6Dwgc+bx+Bs6vuKJHHl5kox/BaKbhiXzqQOwK4cO22yElGp2OCmjwVhT3HmxgyPGnJfQ==
  
  buffer@^6.0.3:
    version "6.0.3"
    resolved "https://registry.npmjs.org/buffer/-/buffer-6.0.3.tgz"
    integrity sha512-FTiCpNxtwiZZHEZbcbTIcZjERVICn9yq/pDFkTl95/AxzD1naBctN7YO68riM/gLSDY7sdrMby8hofADYuuqOA==
    dependencies:
      base64-js "^1.3.1"
      ieee754 "^1.2.1"
  
  bytes@3.1.2:
    version "3.1.2"
    resolved "https://registry.npmjs.org/bytes/-/bytes-3.1.2.tgz"
    integrity sha512-/Nf7TyzTx6S3yRJObOAV7956r8cr2+Oj8AC5dt8wSP3BQAoeX58NoHyCU8P8zGkNXStjTSi6fzO6F0pBdcYbEg==
  
  call-bind@^1.0.7:
    version "1.0.7"
    resolved "https://registry.npmjs.org/call-bind/-/call-bind-1.0.7.tgz"
    integrity sha512-GHTSNSYICQ7scH7sZ+M2rFopRoLh8t2bLSW6BbgrtLsahOIB5iyAVJf9GjWK3cYTDaMj4XdBpM1cA6pIS0Kv2w==
    dependencies:
      es-define-property "^1.0.0"
      es-errors "^1.3.0"
      function-bind "^1.1.2"
      get-intrinsic "^1.2.4"
      set-function-length "^1.2.1"
  
  callsites@^3.0.0:
    version "3.1.0"
    resolved "https://registry.npmjs.org/callsites/-/callsites-3.1.0.tgz"
    integrity sha512-P8BjAsXvZS+VIDUI11hHCQEv74YT67YUi5JJFNWIqL235sBmjX4+qx9Muvls5ivyNENctx46xQLQ3aTuE7ssaQ==
  
  camel-case@^4.1.2:
    version "4.1.2"
    resolved "https://registry.npmjs.org/camel-case/-/camel-case-4.1.2.tgz"
    integrity sha512-gxGWBrTT1JuMx6R+o5PTXMmUnhnVzLQ9SNutD4YqKtI6ap897t3tKECYla6gCWEkplXnlNybEkZg9GEGxKFCgw==
    dependencies:
      pascal-case "^3.1.2"
      tslib "^2.0.3"
  
  camelcase@^5.3.1:
    version "5.3.1"
    resolved "https://registry.npmjs.org/camelcase/-/camelcase-5.3.1.tgz"
    integrity sha512-L28STB170nwWS63UjtlEOE3dldQApaJXZkOI1uMFfzf3rRuPegHaHesyee+YxQ+W6SvRDQV6UrdOdRiR153wJg==
  
  camelcase@^6.2.0:
    version "6.3.0"
    resolved "https://registry.npmjs.org/camelcase/-/camelcase-6.3.0.tgz"
    integrity sha512-Gmy6FhYlCY7uOElZUSbxo2UCDH8owEk996gkbrpsgGtrJLM3J7jGxl9Ic7Qwwj4ivOE5AWZWRMecDdF7hqGjFA==
  
  caniuse-lite@^1.0.30001587:
    version "1.0.30001621"
    resolved "https://registry.npmjs.org/caniuse-lite/-/caniuse-lite-1.0.30001621.tgz"
    integrity sha512-+NLXZiviFFKX0fk8Piwv3PfLPGtRqJeq2TiNoUff/qB5KJgwecJTvCXDpmlyP/eCI/GUEmp/h/y5j0yckiiZrA==
  
  capital-case@^1.0.4:
    version "1.0.4"
    resolved "https://registry.npmjs.org/capital-case/-/capital-case-1.0.4.tgz"
    integrity sha512-ds37W8CytHgwnhGGTi88pcPyR15qoNkOpYwmMMfnWqqWgESapLqvDx6huFjQ5vqWSn2Z06173XNA7LtMOeUh1A==
    dependencies:
      no-case "^3.0.4"
      tslib "^2.0.3"
      upper-case-first "^2.0.2"
  
  chalk@^2.4.2:
    version "2.4.2"
    resolved "https://registry.npmjs.org/chalk/-/chalk-2.4.2.tgz"
    integrity sha512-Mti+f9lpJNcwF4tWV8/OrTTtF1gZi+f8FqlyAdouralcFWFQWF2+NgCHShjkCb+IFBLq9buZwE1xckQU4peSuQ==
    dependencies:
      ansi-styles "^3.2.1"
      escape-string-regexp "^1.0.5"
      supports-color "^5.3.0"
  
  chalk@^4.0.0, chalk@^4.1.0:
    version "4.1.2"
    resolved "https://registry.npmjs.org/chalk/-/chalk-4.1.2.tgz"
    integrity sha512-oKnbhFyRIXpUuez8iBMmyEa4nbj4IOQyuhc/wy9kY7/WVPcwIO9VA668Pu8RkO7+0G76SLROeyw9CpQ061i4mA==
    dependencies:
      ansi-styles "^4.1.0"
      supports-color "^7.1.0"
  
  change-case@^4.1.2:
    version "4.1.2"
    resolved "https://registry.npmjs.org/change-case/-/change-case-4.1.2.tgz"
    integrity sha512-bSxY2ws9OtviILG1EiY5K7NNxkqg/JnRnFxLtKQ96JaviiIxi7djMrSd0ECT9AC+lttClmYwKw53BWpOMblo7A==
    dependencies:
      camel-case "^4.1.2"
      capital-case "^1.0.4"
      constant-case "^3.0.4"
      dot-case "^3.0.4"
      header-case "^2.0.4"
      no-case "^3.0.4"
      param-case "^3.0.4"
      pascal-case "^3.1.2"
      path-case "^3.0.4"
      sentence-case "^3.0.4"
      snake-case "^3.0.4"
      tslib "^2.0.3"
  
  char-regex@^1.0.2:
    version "1.0.2"
    resolved "https://registry.npmjs.org/char-regex/-/char-regex-1.0.2.tgz"
    integrity sha512-kWWXztvZ5SBQV+eRgKFeh8q5sLuZY2+8WUIzlxWVTg+oGwY14qylx1KbKzHd8P6ZYkAg0xyIDU9JMHhyJMZ1jw==
  
  ci-info@^3.2.0:
    version "3.7.1"
    resolved "https://registry.npmjs.org/ci-info/-/ci-info-3.7.1.tgz"
    integrity sha512-4jYS4MOAaCIStSRwiuxc4B8MYhIe676yO1sYGzARnjXkWpmzZMMYxY6zu8WYWDhSuth5zhrQ1rhNSibyyvv4/w==
  
  cjs-module-lexer@^1.0.0:
    version "1.2.2"
    resolved "https://registry.npmjs.org/cjs-module-lexer/-/cjs-module-lexer-1.2.2.tgz"
    integrity sha512-cOU9usZw8/dXIXKtwa8pM0OTJQuJkxMN6w30csNRUerHfeQ5R6U3kkU/FtJeIf3M202OHfY2U8ccInBG7/xogA==
  
  cliui@^8.0.1:
    version "8.0.1"
    resolved "https://registry.npmjs.org/cliui/-/cliui-8.0.1.tgz"
    integrity sha512-BSeNnyus75C4//NQ9gQt1/csTXyo/8Sb+afLAkzAptFuMsod9HFokGNudZpi/oQV73hnVK+sR+5PVRMd+Dr7YQ==
    dependencies:
      string-width "^4.2.0"
      strip-ansi "^6.0.1"
      wrap-ansi "^7.0.0"
  
  co@^4.6.0:
    version "4.6.0"
    resolved "https://registry.npmjs.org/co/-/co-4.6.0.tgz"
    integrity sha512-QVb0dM5HvG+uaxitm8wONl7jltx8dqhfU33DcqtOZcLSVIKSDDLDi7+0LbAKiyI8hD9u42m2YxXSkMGWThaecQ==
  
  collect-v8-coverage@^1.0.0:
    version "1.0.1"
    resolved "https://registry.npmjs.org/collect-v8-coverage/-/collect-v8-coverage-1.0.1.tgz"
    integrity sha512-iBPtljfCNcTKNAto0KEtDfZ3qzjJvqE3aTGZsbhjSBlorqpXJlaWWtPO35D+ZImoC3KWejX64o+yPGxhWSTzfg==
  
  color-convert@^1.9.0:
    version "1.9.3"
    resolved "https://registry.npmjs.org/color-convert/-/color-convert-1.9.3.tgz"
    integrity sha512-QfAUtd+vFdAtFQcC8CCyYt1fYWxSqAiK2cSD6zDB8N3cpsEBAvRxp9zOGg6G/SHHJYAT88/az/IuDGALsNVbGg==
    dependencies:
      color-name "1.1.3"
  
  color-convert@^2.0.1:
    version "2.0.1"
    resolved "https://registry.npmjs.org/color-convert/-/color-convert-2.0.1.tgz"
    integrity sha512-RRECPsj7iu/xb5oKYcsFHSppFNnsj/52OVTRKb4zP5onXwVF3zVmmToNcOfGC+CRDpfK/U584fMg38ZHCaElKQ==
    dependencies:
      color-name "~1.1.4"
  
  color-name@1.1.3:
    version "1.1.3"
    resolved "https://registry.npmjs.org/color-name/-/color-name-1.1.3.tgz"
    integrity sha512-72fSenhMw2HZMTVHeCA9KCmpEIbzWiQsjN+BHcBbS9vr1mtt+vJjPdksIBNUmKAW8TFUDPJK5SUU3QhE9NEXDw==
  
  color-name@~1.1.4:
    version "1.1.4"
    resolved "https://registry.npmjs.org/color-name/-/color-name-1.1.4.tgz"
    integrity sha512-dOy+3AuW3a2wNbZHIuMZpTcgjGuLU/uBL/ubcZF9OXbDo8ff4O8yVp5Bf0efS8uEoYo5q4Fx7dY9OgQGXgAsQA==
  
  combined-stream@^1.0.8:
    version "1.0.8"
    resolved "https://registry.npmjs.org/combined-stream/-/combined-stream-1.0.8.tgz"
    integrity sha512-FQN4MRfuJeHf7cBbBMJFXhKSDq+2kAArBlmRBvcvFE5BB1HZKXtSFASDhdlz9zOYwxh8lDdnvmMOe/+5cdoEdg==
    dependencies:
      delayed-stream "~1.0.0"
  
  commander@^7.2.0:
    version "7.2.0"
    resolved "https://registry.npmjs.org/commander/-/commander-7.2.0.tgz"
    integrity sha512-QrWXB+ZQSVPmIWIhtEO9H+gwHaMGYiF5ChvoJ+K9ZGHG/sVsa6yiesAD1GC/x46sET00Xlwo1u49RVVVzvcSkw==
  
  compare-versions@^3.4.0:
    version "3.6.0"
    resolved "https://registry.npmjs.org/compare-versions/-/compare-versions-3.6.0.tgz"
    integrity sha512-W6Af2Iw1z4CB7q4uU4hv646dW9GQuBM+YpC0UvUCWSD8w90SJjp+ujJuXaEMtAXBtSqGfMPuFOVn4/+FlaqfBA==
  
  concat-map@0.0.1:
    version "0.0.1"
    resolved "https://registry.npmjs.org/concat-map/-/concat-map-0.0.1.tgz"
    integrity sha512-/Srv4dswyQNBfohGpz9o6Yb3Gz3SrUDqBH5rTuhGR7ahtlbYKnVxw2bCFMRljaA7EXHaXZ8wsHdodFvbkhKmqg==
  
  constant-case@^3.0.4:
    version "3.0.4"
    resolved "https://registry.npmjs.org/constant-case/-/constant-case-3.0.4.tgz"
    integrity sha512-I2hSBi7Vvs7BEuJDr5dDHfzb/Ruj3FyvFyh7KLilAjNQw3Be+xgqUBA2W6scVEcL0hL1dwPRtIqEPVUCKkSsyQ==
    dependencies:
      no-case "^3.0.4"
      tslib "^2.0.3"
      upper-case "^2.0.2"
  
  content-disposition@0.5.4:
    version "0.5.4"
    resolved "https://registry.npmjs.org/content-disposition/-/content-disposition-0.5.4.tgz"
    integrity sha512-FveZTNuGw04cxlAiWbzi6zTAL/lhehaWbTtgluJh4/E95DqMwTmha3KZN1aAWA8cFIhHzMZUvLevkw5Rqk+tSQ==
    dependencies:
      safe-buffer "5.2.1"
  
  content-type@~1.0.4, content-type@~1.0.5:
    version "1.0.5"
    resolved "https://registry.npmjs.org/content-type/-/content-type-1.0.5.tgz"
    integrity sha512-nTjqfcBFEipKdXCv4YDQWCfmcLZKm81ldF0pAopTvyrFGVbcR6P/VAAd5G7N+0tTr8QqiU0tFadD6FK4NtJwOA==
  
  convert-source-map@^1.6.0, convert-source-map@^1.7.0:
    version "1.9.0"
    resolved "https://registry.npmjs.org/convert-source-map/-/convert-source-map-1.9.0.tgz"
    integrity sha512-ASFBup0Mz1uyiIjANan1jzLQami9z1PoYSZCiiYW2FczPbenXc45FZdBZLzOT+r6+iciuEModtmCti+hjaAk0A==
  
  convert-source-map@^2.0.0:
    version "2.0.0"
    resolved "https://registry.npmjs.org/convert-source-map/-/convert-source-map-2.0.0.tgz"
    integrity sha512-Kvp459HrV2FEJ1CAsi1Ku+MY3kasH19TFykTz2xWmMeq6bk2NU3XXvfJ+Q61m0xktWwt+1HSYf3JZsTms3aRJg==
  
  cookie-signature@1.0.6:
    version "1.0.6"
    resolved "https://registry.npmjs.org/cookie-signature/-/cookie-signature-1.0.6.tgz"
    integrity sha512-QADzlaHc8icV8I7vbaJXJwod9HWYp8uCqf1xa4OfNu1T7JVxQIrUgOWtHdNDtPiywmFbiS12VjotIXLrKM3orQ==
  
  cookie@0.6.0:
    version "0.6.0"
    resolved "https://registry.npmjs.org/cookie/-/cookie-0.6.0.tgz"
    integrity sha512-U71cyTamuh1CRNCfpGY6to28lxvNwPG4Guz/EVjgf3Jmzv0vlDp1atT9eS5dDjMYHucpHbWns6Lwf3BKz6svdw==
  
  cors@*:
    version "2.8.5"
    resolved "https://registry.yarnpkg.com/cors/-/cors-2.8.5.tgz#eac11da51592dd86b9f06f6e7ac293b3df875d29"
    integrity sha512-KIHbLJqu73RGr/hnbrO9uBeixNGuvSQjul/jdFvS/KFSIH1hWVd1ng7zOHx+YrEfInLG7q4n6GHQ9cDtxv/P6g==
    dependencies:
      object-assign "^4"
      vary "^1"
  
  create-require@^1.1.0:
    version "1.1.1"
    resolved "https://registry.npmjs.org/create-require/-/create-require-1.1.1.tgz"
    integrity sha512-dcKFX3jn0MpIaXjisoRvexIJVEKzaq7z2rZKxf+MSr9TkdmHmsU4m2lcLojrj/FHl8mk5VxMmYA+ftRkP/3oKQ==
  
  cross-spawn@^7.0.3:
    version "7.0.3"
    resolved "https://registry.npmjs.org/cross-spawn/-/cross-spawn-7.0.3.tgz"
    integrity sha512-iRDPJKUPVEND7dHPO8rkbOnPpyDygcDFtWjpeWNCgy8WP2rXcxXL8TskReQl6OrB2G7+UJrags1q15Fudc7G6w==
    dependencies:
      path-key "^3.1.0"
      shebang-command "^2.0.0"
      which "^2.0.1"
  
  crypto-js@^4.2.0:
    version "4.2.0"
    resolved "https://registry.yarnpkg.com/crypto-js/-/crypto-js-4.2.0.tgz#4d931639ecdfd12ff80e8186dba6af2c2e856631"
    integrity sha512-KALDyEYgpY+Rlob/iriUtjV6d5Eq+Y191A5g4UqLAi8CyGP9N1+FdVbkc1SxKc2r4YAYqG8JzO2KGL+AizD70Q==
  
  cryptojs@^2.5.3:
    version "2.5.3"
    resolved "https://registry.yarnpkg.com/cryptojs/-/cryptojs-2.5.3.tgz#909547ecf15bac456e275459b39f2ef45d7fcbb9"
    integrity sha512-+rdPl1UCxE8s3R94NNn+zMKOiI4MJ7dyh3X0c5uBL3btDr4zQ6acd7f9mY7Wb5MrccZEi2Rrha3OEtLcc5XXog==
  
  dataloader@^2.0.0:
    version "2.1.0"
    resolved "https://registry.npmjs.org/dataloader/-/dataloader-2.1.0.tgz"
    integrity sha512-qTcEYLen3r7ojZNgVUaRggOI+KM7jrKxXeSHhogh/TWxYMeONEMqY+hmkobiYQozsGIyg9OYVzO4ZIfoB4I0pQ==
  
  debug@2.6.9:
    version "2.6.9"
    resolved "https://registry.npmjs.org/debug/-/debug-2.6.9.tgz"
    integrity sha512-bC7ElrdJaJnPbAP+1EotYvqZsb3ecl5wi6Bfi6BJTUcNowp6cvspg0jXznRTKDjm/E7AdgFBVeAPVMNcKGsHMA==
    dependencies:
      ms "2.0.0"
  
  debug@^4.1.0, debug@^4.1.1, debug@^4.3.1:
    version "4.3.4"
    resolved "https://registry.npmjs.org/debug/-/debug-4.3.4.tgz"
    integrity sha512-PRWFHuSU3eDtQJPvnNY7Jcket1j0t5OuOsFzPPzsekD52Zl8qUfFIPEiswXqIvHWGVHOgX+7G/vCNNhehwxfkQ==
    dependencies:
      ms "2.1.2"
  
  dedent@^0.7.0:
    version "0.7.0"
    resolved "https://registry.npmjs.org/dedent/-/dedent-0.7.0.tgz"
    integrity sha512-Q6fKUPqnAHAyhiUgFU7BUzLiv0kd8saH9al7tnu5Q/okj6dnupxyTgFIBjVzJATdfIAm9NAsvXNzjaKa+bxVyA==
  
  deepmerge@^4.2.2:
    version "4.3.0"
    resolved "https://registry.npmjs.org/deepmerge/-/deepmerge-4.3.0.tgz"
    integrity sha512-z2wJZXrmeHdvYJp/Ux55wIjqo81G5Bp4c+oELTW+7ar6SogWHajt5a9gO3s3IDaGSAXjDk0vlQKN3rms8ab3og==
  
  define-data-property@^1.1.4:
    version "1.1.4"
    resolved "https://registry.npmjs.org/define-data-property/-/define-data-property-1.1.4.tgz"
    integrity sha512-rBMvIzlpA8v6E+SJZoo++HAYqsLrkg7MSfIinMPFhmkorw7X+dOXVJQs+QT69zGkzMyfDnIMN2Wid1+NbL3T+A==
    dependencies:
      es-define-property "^1.0.0"
      es-errors "^1.3.0"
      gopd "^1.0.1"
  
  define-lazy-prop@^2.0.0:
    version "2.0.0"
    resolved "https://registry.npmjs.org/define-lazy-prop/-/define-lazy-prop-2.0.0.tgz"
    integrity sha512-Ds09qNh8yw3khSjiJjiUInaGX9xlqZDY7JVryGxdxV7NPeuqQfplOpQ66yJFZut3jLa5zOwkXw1g9EI2uKh4Og==
  
  delayed-stream@~1.0.0:
    version "1.0.0"
    resolved "https://registry.npmjs.org/delayed-stream/-/delayed-stream-1.0.0.tgz"
    integrity sha512-ZySD7Nf91aLB0RxL4KGrKHBXl7Eds1DAmEdcoVawXnLD7SDhpNgtuII2aAkg7a7QS41jxPSZ17p4VdGnMHk3MQ==
  
  depd@2.0.0:
    version "2.0.0"
    resolved "https://registry.npmjs.org/depd/-/depd-2.0.0.tgz"
    integrity sha512-g7nH6P6dyDioJogAAGprGpCtVImJhpPk/roCzdb3fIh61/s/nPsfR6onyMwkCAR/OlC3yBC0lESvUoQEAssIrw==
  
  destroy@1.2.0:
    version "1.2.0"
    resolved "https://registry.npmjs.org/destroy/-/destroy-1.2.0.tgz"
    integrity sha512-2sJGJTaXIIaR1w4iJSNoN0hnMY7Gpc/n8D4qSCJw8QqFWXf7cuAgnEHxBpweaVcPevC2l3KpjYCx3NypQQgaJg==
  
  detect-newline@^3.0.0:
    version "3.1.0"
    resolved "https://registry.npmjs.org/detect-newline/-/detect-newline-3.1.0.tgz"
    integrity sha512-TLz+x/vEXm/Y7P7wn1EJFNLxYpUD4TgMosxY6fAVJUnJMbupHBOncxyWUG9OpTaH9EBD7uFI5LfEgmMOc54DsA==
  
  diff-sequences@^29.3.1:
    version "29.3.1"
    resolved "https://registry.npmjs.org/diff-sequences/-/diff-sequences-29.3.1.tgz"
    integrity sha512-hlM3QR272NXCi4pq+N4Kok4kOp6EsgOM3ZSpJI7Da3UAs+Ttsi8MRmB6trM/lhyzUxGfOgnpkHtgqm5Q/CTcfQ==
  
  diff@^4.0.1:
    version "4.0.2"
    resolved "https://registry.npmjs.org/diff/-/diff-4.0.2.tgz"
    integrity sha512-58lmxKSA4BNyLz+HHMUzlOEpg09FV+ev6ZMe3vJihgdxzgcwZ8VoEEPmALCZG9LmqfVoNMMKpttIYTVG6uDY7A==
  
  dot-case@^3.0.4:
    version "3.0.4"
    resolved "https://registry.npmjs.org/dot-case/-/dot-case-3.0.4.tgz"
    integrity sha512-Kv5nKlh6yRrdrGvxeJ2e5y2eRUpkUosIW4A2AS38zwSz27zu7ufDwQPi5Jhs3XAlGNetl3bmnGhQsMtkKJnj3w==
    dependencies:
      no-case "^3.0.4"
      tslib "^2.0.3"
  
  dotenv@^16.0.3:
    version "16.4.5"
    resolved "https://registry.npmjs.org/dotenv/-/dotenv-16.4.5.tgz"
    integrity sha512-ZmdL2rui+eB2YwhsWzjInR8LldtZHGDoQ1ugH85ppHKwpUHL7j7rN0Ti9NCnGiQbhaZ11FpR+7ao1dNsmduNUg==
  
  ecdsa-sig-formatter@1.0.11:
    version "1.0.11"
    resolved "https://registry.yarnpkg.com/ecdsa-sig-formatter/-/ecdsa-sig-formatter-1.0.11.tgz#ae0f0fa2d85045ef14a817daa3ce9acd0489e5bf"
    integrity sha512-nagl3RYrbNv6kQkeJIpt6NJZy8twLB/2vtz6yN9Z4vRKHN4/QZJIEbqohALSgwKdnksuY3k5Addp5lg8sVoVcQ==
    dependencies:
      safe-buffer "^5.0.1"
  
  ee-first@1.1.1:
    version "1.1.1"
    resolved "https://registry.npmjs.org/ee-first/-/ee-first-1.1.1.tgz"
    integrity sha512-WMwm9LhRUo+WUaRN+vRuETqG89IgZphVSNkdFgeb6sS/E4OrDIN7t48CAewSHXc6C8lefD8KKfr5vY61brQlow==
  
  electron-to-chromium@^1.4.668:
    version "1.4.782"
    resolved "https://registry.npmjs.org/electron-to-chromium/-/electron-to-chromium-1.4.782.tgz"
    integrity sha512-JUfU61e8tr+i5Y1FKXcKs+Xe+rJ+CEqm4cgv1kMihPE2EvYHmYyVr3Im/+1+Z5B29Be2EEGCZCwAc6Tazdl1Yg==
  
  emittery@^0.13.1:
    version "0.13.1"
    resolved "https://registry.npmjs.org/emittery/-/emittery-0.13.1.tgz"
    integrity sha512-DeWwawk6r5yR9jFgnDKYt4sLS0LmHJJi3ZOnb5/JdbYwj3nW+FxQnHIjhBKz8YLC7oRNPVM9NQ47I3CVx34eqQ==
  
  emoji-regex@^8.0.0:
    version "8.0.0"
    resolved "https://registry.npmjs.org/emoji-regex/-/emoji-regex-8.0.0.tgz"
    integrity sha512-MSjYzcWNOA0ewAHpz0MxpYFvwg6yjy1NG3xteoqz644VCo/RPgnr1/GGt+ic3iJTzQ8Eu3TdM14SawnVUmGE6A==
  
  encodeurl@~1.0.2:
    version "1.0.2"
    resolved "https://registry.npmjs.org/encodeurl/-/encodeurl-1.0.2.tgz"
    integrity sha512-TPJXq8JqFaVYm2CWmPvnP2Iyo4ZSM7/QKcSmuMLDObfpH5fi7RUGmd/rTDf+rut/saiDiQEeVTNgAmJEdAOx0w==
  
  enquirer@^2.3.6:
    version "2.3.6"
    resolved "https://registry.npmjs.org/enquirer/-/enquirer-2.3.6.tgz"
    integrity sha512-yjNnPr315/FjS4zIsUxYguYUPP2e1NK4d7E7ZOLiyYCcbFBiTMyID+2wvm2w6+pZ/odMA7cRkjhsPbltwBOrLg==
    dependencies:
      ansi-colors "^4.1.1"
  
  err-code@^3.0.1:
    version "3.0.1"
    resolved "https://registry.npmjs.org/err-code/-/err-code-3.0.1.tgz"
    integrity sha512-GiaH0KJUewYok+eeY05IIgjtAe4Yltygk9Wqp1V5yVWLdhf0hYZchRjNIT9bb0mSwRcIusT3cx7PJUf3zEIfUA==
  
  error-ex@^1.3.1:
    version "1.3.2"
    resolved "https://registry.npmjs.org/error-ex/-/error-ex-1.3.2.tgz"
    integrity sha512-7dFHNmqeFSEt2ZBsCriorKnn3Z2pj+fd9kmI6QoWw4//DL+icEBfc0U7qJCisqrTsKTjw4fNFy2pW9OqStD84g==
    dependencies:
      is-arrayish "^0.2.1"
  
  es-define-property@^1.0.0:
    version "1.0.0"
    resolved "https://registry.npmjs.org/es-define-property/-/es-define-property-1.0.0.tgz"
    integrity sha512-jxayLKShrEqqzJ0eumQbVhTYQM27CfT1T35+gCgDFoL82JLsXqTJ76zv6A0YLOgEnLUMvLzsDsGIrl8NFpT2gQ==
    dependencies:
      get-intrinsic "^1.2.4"
  
  es-errors@^1.3.0:
    version "1.3.0"
    resolved "https://registry.npmjs.org/es-errors/-/es-errors-1.3.0.tgz"
    integrity sha512-Zf5H2Kxt2xjTvbJvP2ZWLEICxA6j+hAmMzIlypy4xcBg1vKVnx89Wy0GbS+kf5cwCVFFzdCFh2XSCFNULS6csw==
  
  escalade@^3.1.1, escalade@^3.1.2:
    version "3.1.2"
    resolved "https://registry.npmjs.org/escalade/-/escalade-3.1.2.tgz"
    integrity sha512-ErCHMCae19vR8vQGe50xIsVomy19rg6gFu3+r3jkEO46suLMWBksvVyoGgQV+jOfl84ZSOSlmv6Gxa89PmTGmA==
  
  escape-html@~1.0.3:
    version "1.0.3"
    resolved "https://registry.npmjs.org/escape-html/-/escape-html-1.0.3.tgz"
    integrity sha512-NiSupZ4OeuGwr68lGIeym/ksIZMJodUGOSCZ/FSnTxcrekbvqrgdUxlJOMpijaKZVjAJrWrGs/6Jy8OMuyj9ow==
  
  escape-string-regexp@^1.0.5:
    version "1.0.5"
    resolved "https://registry.npmjs.org/escape-string-regexp/-/escape-string-regexp-1.0.5.tgz"
    integrity sha512-vbRorB5FUQWvla16U8R/qgaFIya2qGzwDrNmCZuYKrbdSUMG6I1ZCGQRefkRVhuOkIGVne7BQ35DSfo1qvJqFg==
  
  escape-string-regexp@^2.0.0:
    version "2.0.0"
    resolved "https://registry.npmjs.org/escape-string-regexp/-/escape-string-regexp-2.0.0.tgz"
    integrity sha512-UpzcLCXolUWcNu5HtVMHYdXJjArjsF9C0aNnquZYY4uW/Vu0miy5YoWvbV345HauVvcAUnpRuhMMcqTcGOY2+w==
  
  esprima@^4.0.0:
    version "4.0.1"
    resolved "https://registry.npmjs.org/esprima/-/esprima-4.0.1.tgz"
    integrity sha512-eGuFFw7Upda+g4p+QHvnW0RyTX/SVeJBDM/gCtMARO0cLuT2HcEKnTPvhjV6aGeqrCB/sbNop0Kszm0jsaWU4A==
  
  etag@~1.8.1:
    version "1.8.1"
    resolved "https://registry.npmjs.org/etag/-/etag-1.8.1.tgz"
    integrity sha512-aIL5Fx7mawVa300al2BnEE4iNvo1qETxLrPI/o05L7z6go7fCw1J6EQmbK4FmJ2AS7kgVF/KEZWufBfdClMcPg==
  
  ethjs-unit@0.1.6:
    version "0.1.6"
    resolved "https://registry.npmjs.org/ethjs-unit/-/ethjs-unit-0.1.6.tgz"
    integrity sha512-/Sn9Y0oKl0uqQuvgFk/zQgR7aw1g36qX/jzSQ5lSwlO0GigPymk4eGQfeNTD03w1dPOqfz8V77Cy43jH56pagw==
    dependencies:
      bn.js "4.11.6"
      number-to-bn "1.7.0"
  
  events@^3.3.0:
    version "3.3.0"
    resolved "https://registry.npmjs.org/events/-/events-3.3.0.tgz"
    integrity sha512-mQw+2fkQbALzQ7V0MY0IqdnXNOeTtP4r0lN9z7AAawCXgqea7bDii20AYrIBrFd/Hx0M2Ocz6S111CaFkUcb0Q==
  
  execa@^5.0.0:
    version "5.1.1"
    resolved "https://registry.npmjs.org/execa/-/execa-5.1.1.tgz"
    integrity sha512-8uSpZZocAZRBAPIEINJj3Lo9HyGitllczc27Eh5YYojjMFMn8yHMDMaUHE2Jqfq05D/wucwI4JGURyXt1vchyg==
    dependencies:
      cross-spawn "^7.0.3"
      get-stream "^6.0.0"
      human-signals "^2.1.0"
      is-stream "^2.0.0"
      merge-stream "^2.0.0"
      npm-run-path "^4.0.1"
      onetime "^5.1.2"
      signal-exit "^3.0.3"
      strip-final-newline "^2.0.0"
  
  exit@^0.1.2:
    version "0.1.2"
    resolved "https://registry.npmjs.org/exit/-/exit-0.1.2.tgz"
    integrity sha512-Zk/eNKV2zbjpKzrsQ+n1G6poVbErQxJ0LBOJXaKZ1EViLzH+hrLu9cdXI4zw9dBQJslwBEpbQ2P1oS7nDxs6jQ==
  
  expect@^29.0.0, expect@^29.4.1:
    version "29.4.1"
    resolved "https://registry.npmjs.org/expect/-/expect-29.4.1.tgz"
    integrity sha512-OKrGESHOaMxK3b6zxIq9SOW8kEXztKff/Dvg88j4xIJxur1hspEbedVkR3GpHe5LO+WB2Qw7OWN0RMTdp6as5A==
    dependencies:
      "@jest/expect-utils" "^29.4.1"
      jest-get-type "^29.2.0"
      jest-matcher-utils "^29.4.1"
      jest-message-util "^29.4.1"
      jest-util "^29.4.1"
  
  expo-modules-autolinking@^0.0.3:
    version "0.0.3"
    resolved "https://registry.npmjs.org/expo-modules-autolinking/-/expo-modules-autolinking-0.0.3.tgz"
    integrity sha512-azkCRYj/DxbK4udDuDxA9beYzQTwpJ5a9QA0bBgha2jHtWdFGF4ZZWSY+zNA5mtU3KqzYt8jWHfoqgSvKyu1Aw==
    dependencies:
      chalk "^4.1.0"
      commander "^7.2.0"
      fast-glob "^3.2.5"
      find-up "~5.0.0"
      fs-extra "^9.1.0"
  
  expo-random@*:
    version "14.0.1"
    resolved "https://registry.npmjs.org/expo-random/-/expo-random-14.0.1.tgz"
    integrity sha512-gX2mtR9o+WelX21YizXUCD/y+a4ZL+RDthDmFkHxaYbdzjSYTn8u/igoje/l3WEO+/RYspmqUFa8w/ckNbt6Vg==
    dependencies:
      base64-js "^1.3.0"
  
  express-validator@*, express-validator@^7.1.0:
    version "7.1.0"
    resolved "https://registry.yarnpkg.com/express-validator/-/express-validator-7.1.0.tgz#e6571f6a4520560e1f3fae2ceab6f56c8f26c27b"
    integrity sha512-ePn6NXjHRZiZkwTiU1Rl2hy6aUqmi6Cb4/s8sfUsKH7j2yYl9azSpl8xEHcOj1grzzQ+UBEoLWtE1s6FDxW++g==
    dependencies:
      lodash "^4.17.21"
      validator "~13.12.0"
  
  express@*:
    version "4.19.2"
    resolved "https://registry.npmjs.org/express/-/express-4.19.2.tgz"
    integrity sha512-5T6nhjsT+EOMzuck8JjBHARTHfMht0POzlA60WV2pMD3gyXw2LZnZ+ueGdNxG+0calOJcWKbpFcuzLZ91YWq9Q==
    dependencies:
      accepts "~1.3.8"
      array-flatten "1.1.1"
      body-parser "1.20.2"
      content-disposition "0.5.4"
      content-type "~1.0.4"
      cookie "0.6.0"
      cookie-signature "1.0.6"
      debug "2.6.9"
      depd "2.0.0"
      encodeurl "~1.0.2"
      escape-html "~1.0.3"
      etag "~1.8.1"
      finalhandler "1.2.0"
      fresh "0.5.2"
      http-errors "2.0.0"
      merge-descriptors "1.0.1"
      methods "~1.1.2"
      on-finished "2.4.1"
      parseurl "~1.3.3"
      path-to-regexp "0.1.7"
      proxy-addr "~2.0.7"
      qs "6.11.0"
      range-parser "~1.2.1"
      safe-buffer "5.2.1"
      send "0.18.0"
      serve-static "1.15.0"
      setprototypeof "1.2.0"
      statuses "2.0.1"
      type-is "~1.6.18"
      utils-merge "1.0.1"
      vary "~1.1.2"
  
  fast-glob@^3.2.5:
    version "3.3.2"
    resolved "https://registry.npmjs.org/fast-glob/-/fast-glob-3.3.2.tgz"
    integrity sha512-oX2ruAFQwf/Orj8m737Y5adxDQO0LAB7/S5MnxCdTNDd4p6BsyIVsv9JQsATbTSq8KHRpLwIHbVlUNatxd+1Ow==
    dependencies:
      "@nodelib/fs.stat" "^2.0.2"
      "@nodelib/fs.walk" "^1.2.3"
      glob-parent "^5.1.2"
      merge2 "^1.3.0"
      micromatch "^4.0.4"
  
  fast-json-stable-stringify@2.x, fast-json-stable-stringify@^2.1.0:
    version "2.1.0"
    resolved "https://registry.npmjs.org/fast-json-stable-stringify/-/fast-json-stable-stringify-2.1.0.tgz"
    integrity sha512-lhd/wF+Lk98HZoTCtlVraHtfh5XYijIjalXck7saUtuanSDyLMxnHhSXEDJqHxD7msR8D0uCmqlkwjCV8xvwHw==
  
  fastq@^1.6.0:
    version "1.17.1"
    resolved "https://registry.npmjs.org/fastq/-/fastq-1.17.1.tgz"
    integrity sha512-sRVD3lWVIXWg6By68ZN7vho9a1pQcN/WBFaAAsDDFzlJjvoGx0P8z7V1t72grFJfJhu3YPZBuu25f7Kaw2jN1w==
    dependencies:
      reusify "^1.0.4"
  
  fb-watchman@^2.0.0:
    version "2.0.2"
    resolved "https://registry.npmjs.org/fb-watchman/-/fb-watchman-2.0.2.tgz"
    integrity sha512-p5161BqbuCaSnB8jIbzQHOlpgsPmK5rJVDfDKO91Axs5NC1uu3HRQm6wt9cd9/+GtQQIO53JdGXXoyDpTAsgYA==
    dependencies:
      bser "2.1.1"
  
  fill-range@^7.0.1:
    version "7.0.1"
    resolved "https://registry.npmjs.org/fill-range/-/fill-range-7.0.1.tgz"
    integrity sha512-qOo9F+dMUmC2Lcb4BbVvnKJxTPjCm+RRpe4gDuGrzkL7mEVl/djYSu2OdQ2Pa302N4oqkSg9ir6jaLWJ2USVpQ==
    dependencies:
      to-regex-range "^5.0.1"
  
  finalhandler@1.2.0:
    version "1.2.0"
    resolved "https://registry.npmjs.org/finalhandler/-/finalhandler-1.2.0.tgz"
    integrity sha512-5uXcUVftlQMFnWC9qu/svkWv3GTd2PfUhK/3PLkYNAe7FbqJMt3515HaxE6eRL74GdsriiwujiawdaB1BpEISg==
    dependencies:
      debug "2.6.9"
      encodeurl "~1.0.2"
      escape-html "~1.0.3"
      on-finished "2.4.1"
      parseurl "~1.3.3"
      statuses "2.0.1"
      unpipe "~1.0.0"
  
  find-up@^4.0.0, find-up@^4.1.0:
    version "4.1.0"
    resolved "https://registry.npmjs.org/find-up/-/find-up-4.1.0.tgz"
    integrity sha512-PpOwAdQ/YlXQ2vj8a3h8IipDuYRi3wceVQQGYWxNINccq40Anw7BlsEXCMbt1Zt+OLA6Fq9suIpIWD0OsnISlw==
    dependencies:
      locate-path "^5.0.0"
      path-exists "^4.0.0"
  
  find-up@~5.0.0:
    version "5.0.0"
    resolved "https://registry.npmjs.org/find-up/-/find-up-5.0.0.tgz"
    integrity sha512-78/PXT1wlLLDgTzDs7sjq9hzz0vXD+zn+7wypEe4fXQxCmdmqfGsEPQxmiCSQI3ajFV91bVSsvNtrJRiW6nGng==
    dependencies:
      locate-path "^6.0.0"
      path-exists "^4.0.0"
  
  follow-redirects@^1.14.7, follow-redirects@^1.15.6:
    version "1.15.6"
    resolved "https://registry.npmjs.org/follow-redirects/-/follow-redirects-1.15.6.tgz"
    integrity sha512-wWN62YITEaOpSK584EZXJafH1AGpO8RVgElfkuXbTOrPX4fIfOyEpW/CsiNd8JdYrAoOvafRTOEnvsO++qCqFA==
  
  form-data@^4.0.0:
    version "4.0.0"
    resolved "https://registry.npmjs.org/form-data/-/form-data-4.0.0.tgz"
    integrity sha512-ETEklSGi5t0QMZuiXoA/Q6vcnxcLQP5vdugSpuAyi6SVGi2clPPp+xgEhuMaHC+zGgn31Kd235W35f7Hykkaww==
    dependencies:
      asynckit "^0.4.0"
      combined-stream "^1.0.8"
      mime-types "^2.1.12"
  
  forwarded@0.2.0:
    version "0.2.0"
    resolved "https://registry.npmjs.org/forwarded/-/forwarded-0.2.0.tgz"
    integrity sha512-buRG0fpBtRHSTCOASe6hD258tEubFoRLb4ZNA6NxMVHNw2gOcwHo9wyablzMzOA5z9xA9L1KNjk/Nt6MT9aYow==
  
  fresh@0.5.2:
    version "0.5.2"
    resolved "https://registry.npmjs.org/fresh/-/fresh-0.5.2.tgz"
    integrity sha512-zJ2mQYM18rEFOudeV4GShTGIQ7RbzA7ozbU9I/XBpm7kqgMywgmylMwXHxZJmkVoYkna9d2pVXVXPdYTP9ej8Q==
  
  fs-extra@^9.1.0:
    version "9.1.0"
    resolved "https://registry.npmjs.org/fs-extra/-/fs-extra-9.1.0.tgz"
    integrity sha512-hcg3ZmepS30/7BSFqRvoo3DOMQu7IjqxO5nCDt+zM9XWjb33Wg7ziNT+Qvqbuc3+gWpzO02JubVyk2G4Zvo1OQ==
    dependencies:
      at-least-node "^1.0.0"
      graceful-fs "^4.2.0"
      jsonfile "^6.0.1"
      universalify "^2.0.0"
  
  fs.realpath@^1.0.0:
    version "1.0.0"
    resolved "https://registry.npmjs.org/fs.realpath/-/fs.realpath-1.0.0.tgz"
    integrity sha512-OO0pH2lK6a0hZnAdau5ItzHPI6pUlvI7jMVnxUQRtw4owF2wk8lOSabtGDCTP4Ggrg2MbGnWO9X8K1t4+fGMDw==
  
  fsevents@^2.3.2:
    version "2.3.3"
    resolved "https://registry.yarnpkg.com/fsevents/-/fsevents-2.3.3.tgz#cac6407785d03675a2a5e1a5305c697b347d90d6"
    integrity sha512-5xoDfX+fL7faATnagmWPpbFtwh/R77WmMMqqHGS65C3vvB0YHrgF+B1YmZ3441tMj5n63k0212XNoJwzlhffQw==
  
  function-bind@^1.1.2:
    version "1.1.2"
    resolved "https://registry.npmjs.org/function-bind/-/function-bind-1.1.2.tgz"
    integrity sha512-7XHNxH7qX9xG5mIwxkhumTox/MIRNcOgDrxWsMt2pAr23WHp6MrRlN7FBSFpCpr+oVO0F744iUgR82nJMfG2SA==
  
  gensync@^1.0.0-beta.2:
    version "1.0.0-beta.2"
    resolved "https://registry.npmjs.org/gensync/-/gensync-1.0.0-beta.2.tgz"
    integrity sha512-3hN7NaskYvMDLQY55gnW3NQ+mesEAepTqlg+VEbj7zzqEMBVNhzcGYYeqFo/TlYz6eQiFcp1HcsCZO+nGgS8zg==
  
  get-caller-file@^2.0.5:
    version "2.0.5"
    resolved "https://registry.npmjs.org/get-caller-file/-/get-caller-file-2.0.5.tgz"
    integrity sha512-DyFP3BM/3YHTQOCUL/w0OZHR0lpKeGrxotcHWcqNEdnltqFwXVfhEBQ94eIo34AfQpo0rGki4cyIiftY06h2Fg==
  
  get-intrinsic@^1.1.3, get-intrinsic@^1.2.4:
    version "1.2.4"
    resolved "https://registry.npmjs.org/get-intrinsic/-/get-intrinsic-1.2.4.tgz"
    integrity sha512-5uYhsJH8VJBTv7oslg4BznJYhDoRI6waYCxMmCdnTrcCrHA/fCFKoTFz2JKKE0HdDFUF7/oQuhzumXJK7paBRQ==
    dependencies:
      es-errors "^1.3.0"
      function-bind "^1.1.2"
      has-proto "^1.0.1"
      has-symbols "^1.0.3"
      hasown "^2.0.0"
  
  get-package-type@^0.1.0:
    version "0.1.0"
    resolved "https://registry.npmjs.org/get-package-type/-/get-package-type-0.1.0.tgz"
    integrity sha512-pjzuKtY64GYfWizNAJ0fr9VqttZkNiK2iS430LtIHzjBEr6bX8Am2zm4sW4Ro5wjWW5cAlRL1qAMTcXbjNAO2Q==
  
  get-stream@^6.0.0:
    version "6.0.1"
    resolved "https://registry.npmjs.org/get-stream/-/get-stream-6.0.1.tgz"
    integrity sha512-ts6Wi+2j3jQjqi70w5AlN8DFnkSwC+MqmxEzdEALB2qXZYV3X/b1CTfgPLGJNMeAWxdPfU8FO1ms3NUfaHCPYg==
  
  glob-parent@^5.1.2:
    version "5.1.2"
    resolved "https://registry.npmjs.org/glob-parent/-/glob-parent-5.1.2.tgz"
    integrity sha512-AOIgSQCepiJYwP3ARnGx+5VnTu2HBYdzbGP45eLw1vr3zB3vZLeyed1sC9hnbcOc9/SrMyM5RPQrkGz4aS9Zow==
    dependencies:
      is-glob "^4.0.1"
  
  glob@^7.1.3, glob@^7.1.4:
    version "7.2.3"
    resolved "https://registry.npmjs.org/glob/-/glob-7.2.3.tgz"
    integrity sha512-nFR0zLpU2YCaRxwoCJvL6UvCH2JFyFVIvwTLsIf21AuHlMskA1hhTdk+LlYJtOlYt9v6dvszD2BGRqBL+iQK9Q==
    dependencies:
      fs.realpath "^1.0.0"
      inflight "^1.0.4"
      inherits "2"
      minimatch "^3.1.1"
      once "^1.3.0"
      path-is-absolute "^1.0.0"
  
  glob@^9.3.2:
    version "9.3.5"
    resolved "https://registry.npmjs.org/glob/-/glob-9.3.5.tgz"
    integrity sha512-e1LleDykUz2Iu+MTYdkSsuWX8lvAjAcs0Xef0lNIu0S2wOAzuTxCJtcd9S3cijlwYF18EsU3rzb8jPVobxDh9Q==
    dependencies:
      fs.realpath "^1.0.0"
      minimatch "^8.0.2"
      minipass "^4.2.4"
      path-scurry "^1.6.1"
  
  globals@^11.1.0:
    version "11.12.0"
    resolved "https://registry.npmjs.org/globals/-/globals-11.12.0.tgz"
    integrity sha512-WOBp/EEGUiIsJSp7wcv/y6MO+lV9UoncWqxuFfm8eBwzWNgyfBd6Gz+IeKQ9jCmyhoH99g15M3T+QaVHFjizVA==
  
  gopd@^1.0.1:
    version "1.0.1"
    resolved "https://registry.npmjs.org/gopd/-/gopd-1.0.1.tgz"
    integrity sha512-d65bNlIadxvpb/A2abVdlqKqV563juRnZ1Wtk6s1sIR8uNsXR70xqIzVqxVf1eTqDunwT2MkczEeaezCKTZhwA==
    dependencies:
      get-intrinsic "^1.1.3"
  
  graceful-fs@^4.1.6, graceful-fs@^4.2.0, graceful-fs@^4.2.9:
    version "4.2.10"
    resolved "https://registry.npmjs.org/graceful-fs/-/graceful-fs-4.2.10.tgz"
    integrity sha512-9ByhssR2fPVsNZj478qUUbKfmL0+t5BDVyjShtyZZLiK7ZDAArFFfopyOTj0M05wE2tJPisA4iTnnXl2YoPvOA==
  
  hamt-sharding@^2.0.0:
    version "2.0.1"
    resolved "https://registry.npmjs.org/hamt-sharding/-/hamt-sharding-2.0.1.tgz"
    integrity sha512-vnjrmdXG9dDs1m/H4iJ6z0JFI2NtgsW5keRkTcM85NGak69Mkf5PHUqBz+Xs0T4sg0ppvj9O5EGAJo40FTxmmA==
    dependencies:
      sparse-array "^1.3.1"
      uint8arrays "^3.0.0"
  
  has-flag@^3.0.0:
    version "3.0.0"
    resolved "https://registry.npmjs.org/has-flag/-/has-flag-3.0.0.tgz"
    integrity sha512-sKJf1+ceQBr4SMkvQnBDNDtf4TXpVhVGateu0t918bl30FnbE2m4vNLX+VWe/dpjlb+HugGYzW7uQXH98HPEYw==
  
  has-flag@^4.0.0:
    version "4.0.0"
    resolved "https://registry.npmjs.org/has-flag/-/has-flag-4.0.0.tgz"
    integrity sha512-EykJT/Q1KjTWctppgIAgfSO0tKVuZUjhgMr17kqTumMl6Afv3EISleU7qZUzoXDFTAHTDC4NOoG/ZxU3EvlMPQ==
  
  has-property-descriptors@^1.0.2:
    version "1.0.2"
    resolved "https://registry.npmjs.org/has-property-descriptors/-/has-property-descriptors-1.0.2.tgz"
    integrity sha512-55JNKuIW+vq4Ke1BjOTjM2YctQIvCT7GFzHwmfZPGo5wnrgkid0YQtnAleFSqumZm4az3n2BS+erby5ipJdgrg==
    dependencies:
      es-define-property "^1.0.0"
  
  has-proto@^1.0.1:
    version "1.0.3"
    resolved "https://registry.npmjs.org/has-proto/-/has-proto-1.0.3.tgz"
    integrity sha512-SJ1amZAJUiZS+PhsVLf5tGydlaVB8EdFpaSO4gmiUKUOxk8qzn5AIy4ZeJUmh22znIdk/uMAUT2pl3FxzVUH+Q==
  
  has-symbols@^1.0.3:
    version "1.0.3"
    resolved "https://registry.npmjs.org/has-symbols/-/has-symbols-1.0.3.tgz"
    integrity sha512-l3LCuF6MgDNwTDKkdYGEihYjt5pRPbEg46rtlmnSPlUbgmB8LOIrKJbYYFBSbnPaJexMKtiPO8hmeRjRz2Td+A==
  
  hasown@^2.0.0:
    version "2.0.2"
    resolved "https://registry.npmjs.org/hasown/-/hasown-2.0.2.tgz"
    integrity sha512-0hJU9SCPvmMzIBdZFqNPXWa6dqh7WdH0cII9y+CyS8rG3nL48Bclra9HmKhVVUHyPWNH5Y7xDwAB7bfgSjkUMQ==
    dependencies:
      function-bind "^1.1.2"
  
  header-case@^2.0.4:
    version "2.0.4"
    resolved "https://registry.npmjs.org/header-case/-/header-case-2.0.4.tgz"
    integrity sha512-H/vuk5TEEVZwrR0lp2zed9OCo1uAILMlx0JEMgC26rzyJJ3N1v6XkwHHXJQdR2doSjcGPM6OKPYoJgf0plJ11Q==
    dependencies:
      capital-case "^1.0.4"
      tslib "^2.0.3"
  
  html-escaper@^2.0.0:
    version "2.0.2"
    resolved "https://registry.npmjs.org/html-escaper/-/html-escaper-2.0.2.tgz"
    integrity sha512-H2iMtd0I4Mt5eYiapRdIDjp+XzelXQ0tFE4JS7YFwFevXXMmOp9myNrUvCg0D6ws8iqkRPBfKHgbwig1SmlLfg==
  
  http-errors@2.0.0:
    version "2.0.0"
    resolved "https://registry.npmjs.org/http-errors/-/http-errors-2.0.0.tgz"
    integrity sha512-FtwrG/euBzaEjYeRqOgly7G0qviiXoJWnvEH2Z1plBdXgbyjv34pHTSb9zoeHMyDy33+DWy5Wt9Wo+TURtOYSQ==
    dependencies:
      depd "2.0.0"
      inherits "2.0.4"
      setprototypeof "1.2.0"
      statuses "2.0.1"
      toidentifier "1.0.1"
  
  human-signals@^2.1.0:
    version "2.1.0"
    resolved "https://registry.npmjs.org/human-signals/-/human-signals-2.1.0.tgz"
    integrity sha512-B4FFZ6q/T2jhhksgkbEW3HBvWIfDW85snkQgawt07S7J5QXTk6BkNV+0yAeZrM5QpMAdYlocGoljn0sJ/WQkFw==
  
  iconv-lite@0.4.24:
    version "0.4.24"
    resolved "https://registry.npmjs.org/iconv-lite/-/iconv-lite-0.4.24.tgz"
    integrity sha512-v3MXnZAcvnywkTUEZomIActle7RXXeedOR31wwl7VlyoXO4Qi9arvSenNQWne1TcRwhCL1HwLI21bEqdpj8/rA==
    dependencies:
      safer-buffer ">= 2.1.2 < 3"
  
  ieee754@^1.2.1:
    version "1.2.1"
    resolved "https://registry.npmjs.org/ieee754/-/ieee754-1.2.1.tgz"
    integrity sha512-dcyqhDvX1C46lXZcVqCpK+FtMRQVdIMN6/Df5js2zouUsqG7I6sFxitIC+7KYK29KdXOLHdu9zL4sFnoVQnqaA==
  
  import-local@^3.0.2:
    version "3.1.0"
    resolved "https://registry.npmjs.org/import-local/-/import-local-3.1.0.tgz"
    integrity sha512-ASB07uLtnDs1o6EHjKpX34BKYDSqnFerfTOJL2HvMqF70LnxpjkzDB8J44oT9pu4AMPkQwf8jl6szgvNd2tRIg==
    dependencies:
      pkg-dir "^4.2.0"
      resolve-cwd "^3.0.0"
  
  imurmurhash@^0.1.4:
    version "0.1.4"
    resolved "https://registry.npmjs.org/imurmurhash/-/imurmurhash-0.1.4.tgz"
    integrity sha512-JmXMZ6wuvDmLiHEml9ykzqO6lwFbof0GG4IkcGaENdCRDDmMVnny7s5HsIgHCbaq0w2MyPhDqkhTUgS2LU2PHA==
  
  inflight@^1.0.4:
    version "1.0.6"
    resolved "https://registry.npmjs.org/inflight/-/inflight-1.0.6.tgz"
    integrity sha512-k92I/b08q4wvFscXCLvqfsHCrjrF7yiXsQuIVvVE7N82W3+aqpzuUdBbfhWcy/FZR3/4IgflMgKLOsvPDrGCJA==
    dependencies:
      once "^1.3.0"
      wrappy "1"
  
  inherits@2, inherits@2.0.4, inherits@^2.0.3, inherits@^2.0.4:
    version "2.0.4"
    resolved "https://registry.npmjs.org/inherits/-/inherits-2.0.4.tgz"
    integrity sha512-k/vGaX4/Yla3WzyMCvTQOXYeIHvqOKtnqBduzTHpzpQZzAskKMhZ2K+EnBiSM9zGSoIFeMpXKxa4dYeZIQqewQ==
  
  interface-blockstore@^2.0.2, interface-blockstore@^2.0.3:
    version "2.0.3"
    resolved "https://registry.npmjs.org/interface-blockstore/-/interface-blockstore-2.0.3.tgz"
    integrity sha512-OwVUnlNcx7H5HloK0Myv6c/C1q9cNG11HX6afdeU6q6kbuNj8jKCwVnmJHhC94LZaJ+9hvVOk4IUstb3Esg81w==
    dependencies:
      interface-store "^2.0.2"
      multiformats "^9.0.4"
  
  interface-store@^2.0.1, interface-store@^2.0.2:
    version "2.0.2"
    resolved "https://registry.npmjs.org/interface-store/-/interface-store-2.0.2.tgz"
    integrity sha512-rScRlhDcz6k199EkHqT8NpM87ebN89ICOzILoBHgaG36/WX50N32BnU/kpZgCGPLhARRAWUUX5/cyaIjt7Kipg==
  
  invariant@^2.2.4:
    version "2.2.4"
    resolved "https://registry.npmjs.org/invariant/-/invariant-2.2.4.tgz"
    integrity sha512-phJfQVBuaJM5raOpJjSfkiD6BpbCE4Ns//LaXl6wGYtUBY83nWS6Rf9tXm2e8VaK60JEjYldbPif/A2B1C2gNA==
    dependencies:
      loose-envify "^1.0.0"
  
  ipaddr.js@1.9.1:
    version "1.9.1"
    resolved "https://registry.npmjs.org/ipaddr.js/-/ipaddr.js-1.9.1.tgz"
    integrity sha512-0KI/607xoxSToH7GjN1FfSbLoU0+btTicjsQSWQlh/hZykN8KpmMf7uYwPW3R+akZ6R/w18ZlXSHBYXiYUPO3g==
  
  ipfs-unixfs-importer@9.0.10:
    version "9.0.10"
    resolved "https://registry.npmjs.org/ipfs-unixfs-importer/-/ipfs-unixfs-importer-9.0.10.tgz"
    integrity sha512-W+tQTVcSmXtFh7FWYWwPBGXJ1xDgREbIyI1E5JzDcimZLIyT5gGMfxR3oKPxxWj+GKMpP5ilvMQrbsPzWcm3Fw==
    dependencies:
      "@ipld/dag-pb" "^2.0.2"
      "@multiformats/murmur3" "^1.0.3"
      bl "^5.0.0"
      err-code "^3.0.1"
      hamt-sharding "^2.0.0"
      interface-blockstore "^2.0.3"
      ipfs-unixfs "^6.0.0"
      it-all "^1.0.5"
      it-batch "^1.0.8"
      it-first "^1.0.6"
      it-parallel-batch "^1.0.9"
      merge-options "^3.0.4"
      multiformats "^9.4.2"
      rabin-wasm "^0.1.4"
      uint8arrays "^3.0.0"
  
  ipfs-unixfs@^6.0.0:
    version "6.0.9"
    resolved "https://registry.npmjs.org/ipfs-unixfs/-/ipfs-unixfs-6.0.9.tgz"
    integrity sha512-0DQ7p0/9dRB6XCb0mVCTli33GzIzSVx5udpJuVM47tGcD+W+Bl4LsnoLswd3ggNnNEakMv1FdoFITiEnchXDqQ==
    dependencies:
      err-code "^3.0.1"
      protobufjs "^6.10.2"
  
  is-arrayish@^0.2.1:
    version "0.2.1"
    resolved "https://registry.npmjs.org/is-arrayish/-/is-arrayish-0.2.1.tgz"
    integrity sha512-zz06S8t0ozoDXMG+ube26zeCTNXcKIPJZJi8hBrF4idCLms4CG9QtK7qBl1boi5ODzFpjswb5JPmHCbMpjaYzg==
  
  is-core-module@^2.9.0:
    version "2.13.1"
    resolved "https://registry.npmjs.org/is-core-module/-/is-core-module-2.13.1.tgz"
    integrity sha512-hHrIjvZsftOsvKSn2TRYl63zvxsgE0K+0mYMoH6gD4omR5IWB2KynivBQczo3+wF1cCkjzvptnI9Q0sPU66ilw==
    dependencies:
      hasown "^2.0.0"
  
  is-docker@^2.0.0, is-docker@^2.1.1:
    version "2.2.1"
    resolved "https://registry.npmjs.org/is-docker/-/is-docker-2.2.1.tgz"
    integrity sha512-F+i2BKsFrH66iaUFc0woD8sLy8getkwTwtOBjvs56Cx4CgJDeKQeqfz8wAYiSb8JOprWhHH5p77PbmYCvvUuXQ==
  
  is-extglob@^2.1.1:
    version "2.1.1"
    resolved "https://registry.npmjs.org/is-extglob/-/is-extglob-2.1.1.tgz"
    integrity sha512-SbKbANkN603Vi4jEZv49LeVJMn4yGwsbzZworEoyEiutsN3nJYdbO36zfhGJ6QEDpOZIFkDtnq5JRxmvl3jsoQ==
  
  is-fullwidth-code-point@^3.0.0:
    version "3.0.0"
    resolved "https://registry.npmjs.org/is-fullwidth-code-point/-/is-fullwidth-code-point-3.0.0.tgz"
    integrity sha512-zymm5+u+sCsSWyD9qNaejV3DFvhCKclKdizYaJUuHA83RLjb7nSuGnddCHGv0hk+KY7BMAlsWeK4Ueg6EV6XQg==
  
  is-generator-fn@^2.0.0:
    version "2.1.0"
    resolved "https://registry.npmjs.org/is-generator-fn/-/is-generator-fn-2.1.0.tgz"
    integrity sha512-cTIB4yPYL/Grw0EaSzASzg6bBy9gqCofvWN8okThAYIxKJZC+udlRAmGbM0XLeniEJSs8uEgHPGuHSe1XsOLSQ==
  
  is-glob@^4.0.1:
    version "4.0.3"
    resolved "https://registry.npmjs.org/is-glob/-/is-glob-4.0.3.tgz"
    integrity sha512-xelSayHH36ZgE7ZWhli7pW34hNbNl8Ojv5KVmkJD4hBdD3th8Tfk9vYasLM+mXWOZhFkgZfxhLSnrwRr4elSSg==
    dependencies:
      is-extglob "^2.1.1"
  
  is-hex-prefixed@1.0.0:
    version "1.0.0"
    resolved "https://registry.npmjs.org/is-hex-prefixed/-/is-hex-prefixed-1.0.0.tgz"
    integrity sha512-WvtOiug1VFrE9v1Cydwm+FnXd3+w9GaeVUss5W4v/SLy3UW00vP+6iNF2SdnfiBoLy4bTqVdkftNGTUeOFVsbA==
  
  is-number@^7.0.0:
    version "7.0.0"
    resolved "https://registry.npmjs.org/is-number/-/is-number-7.0.0.tgz"
    integrity sha512-41Cifkg6e8TylSpdtTpeLVMqvSBEVzTttHvERD741+pnZ8ANv0004MRL43QKPDlK9cGvNp6NZWZUBlbGXYxxng==
  
  is-plain-obj@^2.1.0:
    version "2.1.0"
    resolved "https://registry.npmjs.org/is-plain-obj/-/is-plain-obj-2.1.0.tgz"
    integrity sha512-YWnfyRwxL/+SsrWYfOpUtz5b3YD+nyfkHvjbcanzk8zgyO4ASD67uVMRt8k5bM4lLMDnXfriRhOpemw+NfT1eA==
  
  is-stream@^2.0.0:
    version "2.0.1"
    resolved "https://registry.npmjs.org/is-stream/-/is-stream-2.0.1.tgz"
    integrity sha512-hFoiJiTl63nn+kstHGBtewWSKnQLpyb155KHheA1l39uvtO9nWIop1p3udqPcUd/xbF1VLMO4n7OI6p7RbngDg==
  
  is-wsl@^2.2.0:
    version "2.2.0"
    resolved "https://registry.npmjs.org/is-wsl/-/is-wsl-2.2.0.tgz"
    integrity sha512-fKzAra0rGJUUBwGBgNkHZuToZcn+TtXHpeCgmkMJMMYx1sQDYaCSyjJBSCa2nH1DGm7s3n1oBnohoVTBaN7Lww==
    dependencies:
      is-docker "^2.0.0"
  
  isexe@^2.0.0:
    version "2.0.0"
    resolved "https://registry.npmjs.org/isexe/-/isexe-2.0.0.tgz"
    integrity sha512-RHxMLp9lnKHGHRng9QFhRCMbYAcVpn69smSGcq3f36xjgVVWThj4qqLbTLlq7Ssj8B+fIQ1EuCEGI2lKsyQeIw==
  
  isomorphic-fetch@^3.0.0:
    version "3.0.0"
    resolved "https://registry.npmjs.org/isomorphic-fetch/-/isomorphic-fetch-3.0.0.tgz"
    integrity sha512-qvUtwJ3j6qwsF3jLxkZ72qCgjMysPzDfeV240JHiGZsANBYd+EEuu35v7dfrJ9Up0Ak07D7GGSkGhCHTqg/5wA==
    dependencies:
      node-fetch "^2.6.1"
      whatwg-fetch "^3.4.1"
  
  isomorphic-webcrypto@2.3.8:
    version "2.3.8"
    resolved "https://registry.npmjs.org/isomorphic-webcrypto/-/isomorphic-webcrypto-2.3.8.tgz"
    integrity sha512-XddQSI0WYlSCjxtm1AI8kWQOulf7hAN3k3DclF1sxDJZqOe0pcsOt675zvWW91cZH9hYs3nlA3Ev8QK5i80SxQ==
    dependencies:
      "@peculiar/webcrypto" "^1.0.22"
      asmcrypto.js "^0.22.0"
      b64-lite "^1.3.1"
      b64u-lite "^1.0.1"
      msrcrypto "^1.5.6"
      str2buf "^1.3.0"
      webcrypto-shim "^0.1.4"
    optionalDependencies:
      "@unimodules/core" "*"
      "@unimodules/react-native-adapter" "*"
      expo-random "*"
      react-native-securerandom "^0.1.1"
  
  istanbul-lib-coverage@^3.0.0, istanbul-lib-coverage@^3.2.0:
    version "3.2.0"
    resolved "https://registry.npmjs.org/istanbul-lib-coverage/-/istanbul-lib-coverage-3.2.0.tgz"
    integrity sha512-eOeJ5BHCmHYvQK7xt9GkdHuzuCGS1Y6g9Gvnx3Ym33fz/HpLRYxiS0wHNr+m/MBC8B647Xt608vCDEvhl9c6Mw==
  
  istanbul-lib-instrument@^5.0.4, istanbul-lib-instrument@^5.1.0:
    version "5.2.1"
    resolved "https://registry.npmjs.org/istanbul-lib-instrument/-/istanbul-lib-instrument-5.2.1.tgz"
    integrity sha512-pzqtp31nLv/XFOzXGuvhCb8qhjmTVo5vjVk19XE4CRlSWz0KoeJ3bw9XsA7nOp9YBf4qHjwBxkDzKcME/J29Yg==
    dependencies:
      "@babel/core" "^7.12.3"
      "@babel/parser" "^7.14.7"
      "@istanbuljs/schema" "^0.1.2"
      istanbul-lib-coverage "^3.2.0"
      semver "^6.3.0"
  
  istanbul-lib-report@^3.0.0:
    version "3.0.0"
    resolved "https://registry.npmjs.org/istanbul-lib-report/-/istanbul-lib-report-3.0.0.tgz"
    integrity sha512-wcdi+uAKzfiGT2abPpKZ0hSU1rGQjUQnLvtY5MpQ7QCTahD3VODhcu4wcfY1YtkGaDD5yuydOLINXsfbus9ROw==
    dependencies:
      istanbul-lib-coverage "^3.0.0"
      make-dir "^3.0.0"
      supports-color "^7.1.0"
  
  istanbul-lib-source-maps@^4.0.0:
    version "4.0.1"
    resolved "https://registry.npmjs.org/istanbul-lib-source-maps/-/istanbul-lib-source-maps-4.0.1.tgz"
    integrity sha512-n3s8EwkdFIJCG3BPKBYvskgXGoy88ARzvegkitk60NxRdwltLOTaH7CUiMRXvwYorl0Q712iEjcWB+fK/MrWVw==
    dependencies:
      debug "^4.1.1"
      istanbul-lib-coverage "^3.0.0"
      source-map "^0.6.1"
  
  istanbul-reports@^3.1.3:
    version "3.1.5"
    resolved "https://registry.npmjs.org/istanbul-reports/-/istanbul-reports-3.1.5.tgz"
    integrity sha512-nUsEMa9pBt/NOHqbcbeJEgqIlY/K7rVWUX6Lql2orY5e9roQOthbR3vtY4zzf2orPELg80fnxxk9zUyPlgwD1w==
    dependencies:
      html-escaper "^2.0.0"
      istanbul-lib-report "^3.0.0"
  
  it-all@^1.0.4, it-all@^1.0.5:
    version "1.0.6"
    resolved "https://registry.npmjs.org/it-all/-/it-all-1.0.6.tgz"
    integrity sha512-3cmCc6Heqe3uWi3CVM/k51fa/XbMFpQVzFoDsV0IZNHSQDyAXl3c4MjHkFX5kF3922OGj7Myv1nSEUgRtcuM1A==
  
  it-batch@^1.0.8, it-batch@^1.0.9:
    version "1.0.9"
    resolved "https://registry.npmjs.org/it-batch/-/it-batch-1.0.9.tgz"
    integrity sha512-7Q7HXewMhNFltTsAMdSz6luNhyhkhEtGGbYek/8Xb/GiqYMtwUmopE1ocPSiJKKp3rM4Dt045sNFoUu+KZGNyA==
  
  it-drain@^1.0.4:
    version "1.0.5"
    resolved "https://registry.npmjs.org/it-drain/-/it-drain-1.0.5.tgz"
    integrity sha512-r/GjkiW1bZswC04TNmUnLxa6uovme7KKwPhc+cb1hHU65E3AByypHH6Pm91WHuvqfFsm+9ws0kPtDBV3/8vmIg==
  
  it-filter@^1.0.2:
    version "1.0.3"
    resolved "https://registry.npmjs.org/it-filter/-/it-filter-1.0.3.tgz"
    integrity sha512-EI3HpzUrKjTH01miLHWmhNWy3Xpbx4OXMXltgrNprL5lDpF3giVpHIouFpr5l+evXw6aOfxhnt01BIB+4VQA+w==
  
  it-first@^1.0.6:
    version "1.0.7"
    resolved "https://registry.npmjs.org/it-first/-/it-first-1.0.7.tgz"
    integrity sha512-nvJKZoBpZD/6Rtde6FXqwDqDZGF1sCADmr2Zoc0hZsIvnE449gRFnGctxDf09Bzc/FWnHXAdaHVIetY6lrE0/g==
  
  it-parallel-batch@^1.0.9:
    version "1.0.11"
    resolved "https://registry.npmjs.org/it-parallel-batch/-/it-parallel-batch-1.0.11.tgz"
    integrity sha512-UWsWHv/kqBpMRmyZJzlmZeoAMA0F3SZr08FBdbhtbe+MtoEBgr/ZUAKrnenhXCBrsopy76QjRH2K/V8kNdupbQ==
    dependencies:
      it-batch "^1.0.9"
  
  it-take@^1.0.1:
    version "1.0.2"
    resolved "https://registry.npmjs.org/it-take/-/it-take-1.0.2.tgz"
    integrity sha512-u7I6qhhxH7pSevcYNaMECtkvZW365ARqAIt9K+xjdK1B2WUDEjQSfETkOCT8bxFq/59LqrN3cMLUtTgmDBaygw==
  
  jest-changed-files@^29.4.0:
    version "29.4.0"
    resolved "https://registry.npmjs.org/jest-changed-files/-/jest-changed-files-29.4.0.tgz"
    integrity sha512-rnI1oPxgFghoz32Y8eZsGJMjW54UlqT17ycQeCEktcxxwqqKdlj9afl8LNeO0Pbu+h2JQHThQP0BzS67eTRx4w==
    dependencies:
      execa "^5.0.0"
      p-limit "^3.1.0"
  
  jest-circus@^29.4.1:
    version "29.4.1"
    resolved "https://registry.npmjs.org/jest-circus/-/jest-circus-29.4.1.tgz"
    integrity sha512-v02NuL5crMNY4CGPHBEflLzl4v91NFb85a+dH9a1pUNx6Xjggrd8l9pPy4LZ1VYNRXlb+f65+7O/MSIbLir6pA==
    dependencies:
      "@jest/environment" "^29.4.1"
      "@jest/expect" "^29.4.1"
      "@jest/test-result" "^29.4.1"
      "@jest/types" "^29.4.1"
      "@types/node" "*"
      chalk "^4.0.0"
      co "^4.6.0"
      dedent "^0.7.0"
      is-generator-fn "^2.0.0"
      jest-each "^29.4.1"
      jest-matcher-utils "^29.4.1"
      jest-message-util "^29.4.1"
      jest-runtime "^29.4.1"
      jest-snapshot "^29.4.1"
      jest-util "^29.4.1"
      p-limit "^3.1.0"
      pretty-format "^29.4.1"
      slash "^3.0.0"
      stack-utils "^2.0.3"
  
  jest-cli@^29.4.1:
    version "29.4.1"
    resolved "https://registry.npmjs.org/jest-cli/-/jest-cli-29.4.1.tgz"
    integrity sha512-jz7GDIhtxQ37M+9dlbv5K+/FVcIo1O/b1sX3cJgzlQUf/3VG25nvuWzlDC4F1FLLzUThJeWLu8I7JF9eWpuURQ==
    dependencies:
      "@jest/core" "^29.4.1"
      "@jest/test-result" "^29.4.1"
      "@jest/types" "^29.4.1"
      chalk "^4.0.0"
      exit "^0.1.2"
      graceful-fs "^4.2.9"
      import-local "^3.0.2"
      jest-config "^29.4.1"
      jest-util "^29.4.1"
      jest-validate "^29.4.1"
      prompts "^2.0.1"
      yargs "^17.3.1"
  
  jest-config@^29.4.1:
    version "29.4.1"
    resolved "https://registry.npmjs.org/jest-config/-/jest-config-29.4.1.tgz"
    integrity sha512-g7p3q4NuXiM4hrS4XFATTkd+2z0Ml2RhFmFPM8c3WyKwVDNszbl4E7cV7WIx1YZeqqCtqbtTtZhGZWJlJqngzg==
    dependencies:
      "@babel/core" "^7.11.6"
      "@jest/test-sequencer" "^29.4.1"
      "@jest/types" "^29.4.1"
      babel-jest "^29.4.1"
      chalk "^4.0.0"
      ci-info "^3.2.0"
      deepmerge "^4.2.2"
      glob "^7.1.3"
      graceful-fs "^4.2.9"
      jest-circus "^29.4.1"
      jest-environment-node "^29.4.1"
      jest-get-type "^29.2.0"
      jest-regex-util "^29.2.0"
      jest-resolve "^29.4.1"
      jest-runner "^29.4.1"
      jest-util "^29.4.1"
      jest-validate "^29.4.1"
      micromatch "^4.0.4"
      parse-json "^5.2.0"
      pretty-format "^29.4.1"
      slash "^3.0.0"
      strip-json-comments "^3.1.1"
  
  jest-diff@^29.4.1:
    version "29.4.1"
    resolved "https://registry.npmjs.org/jest-diff/-/jest-diff-29.4.1.tgz"
    integrity sha512-uazdl2g331iY56CEyfbNA0Ut7Mn2ulAG5vUaEHXycf1L6IPyuImIxSz4F0VYBKi7LYIuxOwTZzK3wh5jHzASMw==
    dependencies:
      chalk "^4.0.0"
      diff-sequences "^29.3.1"
      jest-get-type "^29.2.0"
      pretty-format "^29.4.1"
  
  jest-docblock@^29.2.0:
    version "29.2.0"
    resolved "https://registry.npmjs.org/jest-docblock/-/jest-docblock-29.2.0.tgz"
    integrity sha512-bkxUsxTgWQGbXV5IENmfiIuqZhJcyvF7tU4zJ/7ioTutdz4ToB5Yx6JOFBpgI+TphRY4lhOyCWGNH/QFQh5T6A==
    dependencies:
      detect-newline "^3.0.0"
  
  jest-each@^29.4.1:
    version "29.4.1"
    resolved "https://registry.npmjs.org/jest-each/-/jest-each-29.4.1.tgz"
    integrity sha512-QlYFiX3llJMWUV0BtWht/esGEz9w+0i7BHwODKCze7YzZzizgExB9MOfiivF/vVT0GSQ8wXLhvHXh3x2fVD4QQ==
    dependencies:
      "@jest/types" "^29.4.1"
      chalk "^4.0.0"
      jest-get-type "^29.2.0"
      jest-util "^29.4.1"
      pretty-format "^29.4.1"
  
  jest-environment-node@^29.4.1:
    version "29.7.0"
    resolved "https://registry.npmjs.org/jest-environment-node/-/jest-environment-node-29.7.0.tgz"
    integrity sha512-DOSwCRqXirTOyheM+4d5YZOrWcdu0LNZ87ewUoywbcb2XR4wKgqiG8vNeYwhjFMbEkfju7wx2GYH0P2gevGvFw==
    dependencies:
      "@jest/environment" "^29.7.0"
      "@jest/fake-timers" "^29.7.0"
      "@jest/types" "^29.6.3"
      "@types/node" "*"
      jest-mock "^29.7.0"
      jest-util "^29.7.0"
  
  jest-get-type@^29.2.0, jest-get-type@^29.6.3:
    version "29.6.3"
    resolved "https://registry.npmjs.org/jest-get-type/-/jest-get-type-29.6.3.tgz"
    integrity sha512-zrteXnqYxfQh7l5FHyL38jL39di8H8rHoecLH3JNxH3BwOrBsNeabdap5e0I23lD4HHI8W5VFBZqG4Eaq5LNcw==
  
  jest-haste-map@^29.4.1:
    version "29.4.1"
    resolved "https://registry.npmjs.org/jest-haste-map/-/jest-haste-map-29.4.1.tgz"
    integrity sha512-imTjcgfVVTvg02khXL11NNLTx9ZaofbAWhilrMg/G8dIkp+HYCswhxf0xxJwBkfhWb3e8dwbjuWburvxmcr58w==
    dependencies:
      "@jest/types" "^29.4.1"
      "@types/graceful-fs" "^4.1.3"
      "@types/node" "*"
      anymatch "^3.0.3"
      fb-watchman "^2.0.0"
      graceful-fs "^4.2.9"
      jest-regex-util "^29.2.0"
      jest-util "^29.4.1"
      jest-worker "^29.4.1"
      micromatch "^4.0.4"
      walker "^1.0.8"
    optionalDependencies:
      fsevents "^2.3.2"
  
  jest-leak-detector@^29.4.1:
    version "29.4.1"
    resolved "https://registry.npmjs.org/jest-leak-detector/-/jest-leak-detector-29.4.1.tgz"
    integrity sha512-akpZv7TPyGMnH2RimOCgy+hPmWZf55EyFUvymQ4LMsQP8xSPlZumCPtXGoDhFNhUE2039RApZkTQDKU79p/FiQ==
    dependencies:
      jest-get-type "^29.2.0"
      pretty-format "^29.4.1"
  
  jest-matcher-utils@^29.4.1:
    version "29.4.1"
    resolved "https://registry.npmjs.org/jest-matcher-utils/-/jest-matcher-utils-29.4.1.tgz"
    integrity sha512-k5h0u8V4nAEy6lSACepxL/rw78FLDkBnXhZVgFneVpnJONhb2DhZj/Gv4eNe+1XqQ5IhgUcqj745UwH0HJmMnA==
    dependencies:
      chalk "^4.0.0"
      jest-diff "^29.4.1"
      jest-get-type "^29.2.0"
      pretty-format "^29.4.1"
  
  jest-message-util@^29.4.1, jest-message-util@^29.7.0:
    version "29.7.0"
    resolved "https://registry.npmjs.org/jest-message-util/-/jest-message-util-29.7.0.tgz"
    integrity sha512-GBEV4GRADeP+qtB2+6u61stea8mGcOT4mCtrYISZwfu9/ISHFJ/5zOMXYbpBE9RsS5+Gb63DW4FgmnKJ79Kf6w==
    dependencies:
      "@babel/code-frame" "^7.12.13"
      "@jest/types" "^29.6.3"
      "@types/stack-utils" "^2.0.0"
      chalk "^4.0.0"
      graceful-fs "^4.2.9"
      micromatch "^4.0.4"
      pretty-format "^29.7.0"
      slash "^3.0.0"
      stack-utils "^2.0.3"
  
  jest-mock@^29.4.1, jest-mock@^29.7.0:
    version "29.7.0"
    resolved "https://registry.npmjs.org/jest-mock/-/jest-mock-29.7.0.tgz"
    integrity sha512-ITOMZn+UkYS4ZFh83xYAOzWStloNzJFO2s8DWrE4lhtGD+AorgnbkiKERe4wQVBydIGPx059g6riW5Btp6Llnw==
    dependencies:
      "@jest/types" "^29.6.3"
      "@types/node" "*"
      jest-util "^29.7.0"
  
  jest-pnp-resolver@^1.2.2:
    version "1.2.3"
    resolved "https://registry.npmjs.org/jest-pnp-resolver/-/jest-pnp-resolver-1.2.3.tgz"
    integrity sha512-+3NpwQEnRoIBtx4fyhblQDPgJI0H1IEIkX7ShLUjPGA7TtUTvI1oiKi3SR4oBR0hQhQR80l4WAe5RrXBwWMA8w==
  
  jest-regex-util@^29.2.0:
    version "29.2.0"
    resolved "https://registry.npmjs.org/jest-regex-util/-/jest-regex-util-29.2.0.tgz"
    integrity sha512-6yXn0kg2JXzH30cr2NlThF+70iuO/3irbaB4mh5WyqNIvLLP+B6sFdluO1/1RJmslyh/f9osnefECflHvTbwVA==
  
  jest-resolve-dependencies@^29.4.1:
    version "29.4.1"
    resolved "https://registry.npmjs.org/jest-resolve-dependencies/-/jest-resolve-dependencies-29.4.1.tgz"
    integrity sha512-Y3QG3M1ncAMxfjbYgtqNXC5B595zmB6e//p/qpA/58JkQXu/IpLDoLeOa8YoYfsSglBKQQzNUqtfGJJT/qLmJg==
    dependencies:
      jest-regex-util "^29.2.0"
      jest-snapshot "^29.4.1"
  
  jest-resolve@^29.4.1:
    version "29.4.1"
    resolved "https://registry.npmjs.org/jest-resolve/-/jest-resolve-29.4.1.tgz"
    integrity sha512-j/ZFNV2lm9IJ2wmlq1uYK0Y/1PiyDq9g4HEGsNTNr3viRbJdV+8Lf1SXIiLZXFvyiisu0qUyIXGBnw+OKWkJwQ==
    dependencies:
      chalk "^4.0.0"
      graceful-fs "^4.2.9"
      jest-haste-map "^29.4.1"
      jest-pnp-resolver "^1.2.2"
      jest-util "^29.4.1"
      jest-validate "^29.4.1"
      resolve "^1.20.0"
      resolve.exports "^2.0.0"
      slash "^3.0.0"
  
  jest-runner@^29.4.1:
    version "29.4.1"
    resolved "https://registry.npmjs.org/jest-runner/-/jest-runner-29.4.1.tgz"
    integrity sha512-8d6XXXi7GtHmsHrnaqBKWxjKb166Eyj/ksSaUYdcBK09VbjPwIgWov1VwSmtupCIz8q1Xv4Qkzt/BTo3ZqiCeg==
    dependencies:
      "@jest/console" "^29.4.1"
      "@jest/environment" "^29.4.1"
      "@jest/test-result" "^29.4.1"
      "@jest/transform" "^29.4.1"
      "@jest/types" "^29.4.1"
      "@types/node" "*"
      chalk "^4.0.0"
      emittery "^0.13.1"
      graceful-fs "^4.2.9"
      jest-docblock "^29.2.0"
      jest-environment-node "^29.4.1"
      jest-haste-map "^29.4.1"
      jest-leak-detector "^29.4.1"
      jest-message-util "^29.4.1"
      jest-resolve "^29.4.1"
      jest-runtime "^29.4.1"
      jest-util "^29.4.1"
      jest-watcher "^29.4.1"
      jest-worker "^29.4.1"
      p-limit "^3.1.0"
      source-map-support "0.5.13"
  
  jest-runtime@^29.4.1:
    version "29.4.1"
    resolved "https://registry.npmjs.org/jest-runtime/-/jest-runtime-29.4.1.tgz"
    integrity sha512-UXTMU9uKu2GjYwTtoAw5rn4STxWw/nadOfW7v1sx6LaJYa3V/iymdCLQM6xy3+7C6mY8GfX22vKpgxY171UIoA==
    dependencies:
      "@jest/environment" "^29.4.1"
      "@jest/fake-timers" "^29.4.1"
      "@jest/globals" "^29.4.1"
      "@jest/source-map" "^29.2.0"
      "@jest/test-result" "^29.4.1"
      "@jest/transform" "^29.4.1"
      "@jest/types" "^29.4.1"
      "@types/node" "*"
      chalk "^4.0.0"
      cjs-module-lexer "^1.0.0"
      collect-v8-coverage "^1.0.0"
      glob "^7.1.3"
      graceful-fs "^4.2.9"
      jest-haste-map "^29.4.1"
      jest-message-util "^29.4.1"
      jest-mock "^29.4.1"
      jest-regex-util "^29.2.0"
      jest-resolve "^29.4.1"
      jest-snapshot "^29.4.1"
      jest-util "^29.4.1"
      semver "^7.3.5"
      slash "^3.0.0"
      strip-bom "^4.0.0"
  
  jest-snapshot@^29.4.1:
    version "29.4.1"
    resolved "https://registry.npmjs.org/jest-snapshot/-/jest-snapshot-29.4.1.tgz"
    integrity sha512-l4iV8EjGgQWVz3ee/LR9sULDk2pCkqb71bjvlqn+qp90lFwpnulHj4ZBT8nm1hA1C5wowXLc7MGnw321u0tsYA==
    dependencies:
      "@babel/core" "^7.11.6"
      "@babel/generator" "^7.7.2"
      "@babel/plugin-syntax-jsx" "^7.7.2"
      "@babel/plugin-syntax-typescript" "^7.7.2"
      "@babel/traverse" "^7.7.2"
      "@babel/types" "^7.3.3"
      "@jest/expect-utils" "^29.4.1"
      "@jest/transform" "^29.4.1"
      "@jest/types" "^29.4.1"
      "@types/babel__traverse" "^7.0.6"
      "@types/prettier" "^2.1.5"
      babel-preset-current-node-syntax "^1.0.0"
      chalk "^4.0.0"
      expect "^29.4.1"
      graceful-fs "^4.2.9"
      jest-diff "^29.4.1"
      jest-get-type "^29.2.0"
      jest-haste-map "^29.4.1"
      jest-matcher-utils "^29.4.1"
      jest-message-util "^29.4.1"
      jest-util "^29.4.1"
      natural-compare "^1.4.0"
      pretty-format "^29.4.1"
      semver "^7.3.5"
  
  jest-util@^29.0.0, jest-util@^29.4.1, jest-util@^29.7.0:
    version "29.7.0"
    resolved "https://registry.npmjs.org/jest-util/-/jest-util-29.7.0.tgz"
    integrity sha512-z6EbKajIpqGKU56y5KBUgy1dt1ihhQJgWzUlZHArA/+X2ad7Cb5iF+AK1EWVL/Bo7Rz9uurpqw6SiBCefUbCGA==
    dependencies:
      "@jest/types" "^29.6.3"
      "@types/node" "*"
      chalk "^4.0.0"
      ci-info "^3.2.0"
      graceful-fs "^4.2.9"
      picomatch "^2.2.3"
  
  jest-validate@^29.4.1:
    version "29.7.0"
    resolved "https://registry.npmjs.org/jest-validate/-/jest-validate-29.7.0.tgz"
    integrity sha512-ZB7wHqaRGVw/9hST/OuFUReG7M8vKeq0/J2egIGLdvjHCmYqGARhzXmtgi+gVeZ5uXFF219aOc3Ls2yLg27tkw==
    dependencies:
      "@jest/types" "^29.6.3"
      camelcase "^6.2.0"
      chalk "^4.0.0"
      jest-get-type "^29.6.3"
      leven "^3.1.0"
      pretty-format "^29.7.0"
  
  jest-watcher@^29.4.1:
    version "29.4.1"
    resolved "https://registry.npmjs.org/jest-watcher/-/jest-watcher-29.4.1.tgz"
    integrity sha512-vFOzflGFs27nU6h8dpnVRER3O2rFtL+VMEwnG0H3KLHcllLsU8y9DchSh0AL/Rg5nN1/wSiQ+P4ByMGpuybaVw==
    dependencies:
      "@jest/test-result" "^29.4.1"
      "@jest/types" "^29.4.1"
      "@types/node" "*"
      ansi-escapes "^4.2.1"
      chalk "^4.0.0"
      emittery "^0.13.1"
      jest-util "^29.4.1"
      string-length "^4.0.1"
  
  jest-worker@^29.4.1:
    version "29.7.0"
    resolved "https://registry.npmjs.org/jest-worker/-/jest-worker-29.7.0.tgz"
    integrity sha512-eIz2msL/EzL9UFTFFx7jBTkeZfku0yUAyZZZmJ93H2TYEiroIx2PQjEXcwYtYl8zXCxb+PAmA2hLIt/6ZEkPHw==
    dependencies:
      "@types/node" "*"
      jest-util "^29.7.0"
      merge-stream "^2.0.0"
      supports-color "^8.0.0"
  
  jest@^29.3.1:
    version "29.4.1"
    resolved "https://registry.npmjs.org/jest/-/jest-29.4.1.tgz"
    integrity sha512-cknimw7gAXPDOmj0QqztlxVtBVCw2lYY9CeIE5N6kD+kET1H4H79HSNISJmijb1HF+qk+G+ploJgiDi5k/fRlg==
    dependencies:
      "@jest/core" "^29.4.1"
      "@jest/types" "^29.4.1"
      import-local "^3.0.2"
      jest-cli "^29.4.1"
  
  "js-tokens@^3.0.0 || ^4.0.0", js-tokens@^4.0.0:
    version "4.0.0"
    resolved "https://registry.npmjs.org/js-tokens/-/js-tokens-4.0.0.tgz"
    integrity sha512-RdJUflcE3cUzKiMqQgsCu06FPu9UdIJO0beYbPhHN4k6apgJtifcoCtT9bcxOpYBtpD2kCM6Sbzg4CausW/PKQ==
  
  js-yaml@^3.13.1:
    version "3.14.1"
    resolved "https://registry.npmjs.org/js-yaml/-/js-yaml-3.14.1.tgz"
    integrity sha512-okMH7OXXJ7YrN9Ok3/SXrnu4iX9yOk+25nqX4imS2npuvTYDmo/QEZoqwZkYaIDk3jVvBOTOIEgEhaLOynBS9g==
    dependencies:
      argparse "^1.0.7"
      esprima "^4.0.0"
  
  jsesc@^2.5.1:
    version "2.5.2"
    resolved "https://registry.npmjs.org/jsesc/-/jsesc-2.5.2.tgz"
    integrity sha512-OYu7XEzjkCQ3C5Ps3QIZsQfNpqoJyZZA99wd9aWd05NCtC5pWOkShK2mkL6HXQR6/Cy2lbNdPlZBpuQHXE63gA==
  
  json-parse-even-better-errors@^2.3.0:
    version "2.3.1"
    resolved "https://registry.npmjs.org/json-parse-even-better-errors/-/json-parse-even-better-errors-2.3.1.tgz"
    integrity sha512-xyFwyhro/JEof6Ghe2iz2NcXoj2sloNsWr/XsERDK/oiPCfaNhl5ONfp+jQdAZRQQ0IJWNzH9zIZF7li91kh2w==
  
  json5@^2.2.2, json5@^2.2.3:
    version "2.2.3"
    resolved "https://registry.npmjs.org/json5/-/json5-2.2.3.tgz"
    integrity sha512-XmOWe7eyHYH14cLdVPoyg+GOH3rYX++KpzrylJwSW98t3Nk+U8XOl8FWKOgwtzdb8lXGf6zYwDUzeHMWfxasyg==
  
  jsonfile@^6.0.1:
    version "6.1.0"
    resolved "https://registry.npmjs.org/jsonfile/-/jsonfile-6.1.0.tgz"
    integrity sha512-5dgndWOriYSm5cnYaJNhalLNDKOqFwyDB/rr1E9ZsGciGvKPs8R2xYGCacuf3z6K1YKDz182fd+fY3cn3pMqXQ==
    dependencies:
      universalify "^2.0.0"
    optionalDependencies:
      graceful-fs "^4.1.6"
  
  jsonwebtoken@^9.0.2:
    version "9.0.2"
    resolved "https://registry.yarnpkg.com/jsonwebtoken/-/jsonwebtoken-9.0.2.tgz#65ff91f4abef1784697d40952bb1998c504caaf3"
    integrity sha512-PRp66vJ865SSqOlgqS8hujT5U4AOgMfhrwYIuIhfKaoSCZcirrmASQr8CX7cUg+RMih+hgznrjp99o+W4pJLHQ==
    dependencies:
      jws "^3.2.2"
      lodash.includes "^4.3.0"
      lodash.isboolean "^3.0.3"
      lodash.isinteger "^4.0.4"
      lodash.isnumber "^3.0.3"
      lodash.isplainobject "^4.0.6"
      lodash.isstring "^4.0.1"
      lodash.once "^4.0.0"
      ms "^2.1.1"
      semver "^7.5.4"
  
  jssha@3.2.0:
    version "3.2.0"
    resolved "https://registry.npmjs.org/jssha/-/jssha-3.2.0.tgz"
    integrity sha512-QuruyBENDWdN4tZwJbQq7/eAK85FqrI4oDbXjy5IBhYD+2pTJyBUWZe8ctWaCkrV0gy6AaelgOZZBMeswEa/6Q==
  
  jwa@^1.4.1:
    version "1.4.1"
    resolved "https://registry.yarnpkg.com/jwa/-/jwa-1.4.1.tgz#743c32985cb9e98655530d53641b66c8645b039a"
    integrity sha512-qiLX/xhEEFKUAJ6FiBMbes3w9ATzyk5W7Hvzpa/SLYdxNtng+gcurvrI7TbACjIXlsJyr05/S1oUhZrc63evQA==
    dependencies:
      buffer-equal-constant-time "1.0.1"
      ecdsa-sig-formatter "1.0.11"
      safe-buffer "^5.0.1"
  
  jws@^3.2.2:
    version "3.2.2"
    resolved "https://registry.yarnpkg.com/jws/-/jws-3.2.2.tgz#001099f3639468c9414000e99995fa52fb478304"
    integrity sha512-YHlZCB6lMTllWDtSPHz/ZXTsi8S00usEV6v1tjq8tOUZzw7DpSDWVXjXDre6ed1w/pd495ODpHZYSdkRTsa0HA==
    dependencies:
      jwa "^1.4.1"
      safe-buffer "^5.0.1"
  
  kleur@^3.0.3:
    version "3.0.3"
    resolved "https://registry.npmjs.org/kleur/-/kleur-3.0.3.tgz"
    integrity sha512-eTIzlVOSUR+JxdDFepEYcBMtZ9Qqdef+rnzWdRZuMbOywu5tO2w2N7rqjoANZ5k9vywhL6Br1VRjUIgTQx4E8w==
  
  leven@^3.1.0:
    version "3.1.0"
    resolved "https://registry.npmjs.org/leven/-/leven-3.1.0.tgz"
    integrity sha512-qsda+H8jTaUaN/x5vzW2rzc+8Rw4TAQ/4KjB46IwK5VH+IlVeeeje/EoZRpiXvIqjFgK84QffqPztGI3VBLG1A==
  
  lines-and-columns@^1.1.6:
    version "1.2.4"
    resolved "https://registry.npmjs.org/lines-and-columns/-/lines-and-columns-1.2.4.tgz"
    integrity sha512-7ylylesZQ/PV29jhEDl3Ufjo6ZX7gCqJr5F7PKrqc93v7fzSymt1BpwEU8nAUXs8qzzvqhbjhK5QZg6Mt/HkBg==
  
  locate-path@^5.0.0:
    version "5.0.0"
    resolved "https://registry.npmjs.org/locate-path/-/locate-path-5.0.0.tgz"
    integrity sha512-t7hw9pI+WvuwNJXwk5zVHpyhIqzg2qTlklJOf0mVxGSbe3Fp2VieZcduNYjaLDoy6p9uGpQEGWG87WpMKlNq8g==
    dependencies:
      p-locate "^4.1.0"
  
  locate-path@^6.0.0:
    version "6.0.0"
    resolved "https://registry.npmjs.org/locate-path/-/locate-path-6.0.0.tgz"
    integrity sha512-iPZK6eYjbxRu3uB4/WZ3EsEIMJFMqAoopl3R+zuq0UjcAm/MO6KCweDgPfP3elTztoKP3KtnVHxTn2NHBSDVUw==
    dependencies:
      p-locate "^5.0.0"
  
  lodash.includes@^4.3.0:
    version "4.3.0"
    resolved "https://registry.yarnpkg.com/lodash.includes/-/lodash.includes-4.3.0.tgz#60bb98a87cb923c68ca1e51325483314849f553f"
    integrity sha512-W3Bx6mdkRTGtlJISOvVD/lbqjTlPPUDTMnlXZFnVwi9NKJ6tiAk6LVdlhZMm17VZisqhKcgzpO5Wz91PCt5b0w==
  
  lodash.isboolean@^3.0.3:
    version "3.0.3"
    resolved "https://registry.yarnpkg.com/lodash.isboolean/-/lodash.isboolean-3.0.3.tgz#6c2e171db2a257cd96802fd43b01b20d5f5870f6"
    integrity sha512-Bz5mupy2SVbPHURB98VAcw+aHh4vRV5IPNhILUCsOzRmsTmSQ17jIuqopAentWoehktxGd9e/hbIXq980/1QJg==
  
  lodash.isinteger@^4.0.4:
    version "4.0.4"
    resolved "https://registry.yarnpkg.com/lodash.isinteger/-/lodash.isinteger-4.0.4.tgz#619c0af3d03f8b04c31f5882840b77b11cd68343"
    integrity sha512-DBwtEWN2caHQ9/imiNeEA5ys1JoRtRfY3d7V9wkqtbycnAmTvRRmbHKDV4a0EYc678/dia0jrte4tjYwVBaZUA==
  
  lodash.isnumber@^3.0.3:
    version "3.0.3"
    resolved "https://registry.yarnpkg.com/lodash.isnumber/-/lodash.isnumber-3.0.3.tgz#3ce76810c5928d03352301ac287317f11c0b1ffc"
    integrity sha512-QYqzpfwO3/CWf3XP+Z+tkQsfaLL/EnUlXWVkIk5FUPc4sBdTehEqZONuyRt2P67PXAk+NXmTBcc97zw9t1FQrw==
  
  lodash.isplainobject@^4.0.6:
    version "4.0.6"
    resolved "https://registry.yarnpkg.com/lodash.isplainobject/-/lodash.isplainobject-4.0.6.tgz#7c526a52d89b45c45cc690b88163be0497f550cb"
    integrity sha512-oSXzaWypCMHkPC3NvBEaPHf0KsA5mvPrOPgQWDsbg8n7orZ290M0BmC/jgRZ4vcJ6DTAhjrsSYgdsW/F+MFOBA==
  
  lodash.isstring@^4.0.1:
    version "4.0.1"
    resolved "https://registry.yarnpkg.com/lodash.isstring/-/lodash.isstring-4.0.1.tgz#d527dfb5456eca7cc9bb95d5daeaf88ba54a5451"
    integrity sha512-0wJxfxH1wgO3GrbuP+dTTk7op+6L41QCXbGINEmD+ny/G/eCqGzxyCsh7159S+mgDDcoarnBw6PC1PS5+wUGgw==
  
  lodash.memoize@4.x:
    version "4.1.2"
    resolved "https://registry.npmjs.org/lodash.memoize/-/lodash.memoize-4.1.2.tgz"
    integrity sha512-t7j+NzmgnQzTAYXcsHYLgimltOV1MXHtlOWf6GjL9Kj8GK5FInw5JotxvbOs+IvV1/Dzo04/fCGfLVs7aXb4Ag==
  
  lodash.once@^4.0.0:
    version "4.1.1"
    resolved "https://registry.yarnpkg.com/lodash.once/-/lodash.once-4.1.1.tgz#0dd3971213c7c56df880977d504c88fb471a97ac"
    integrity sha512-Sb487aTOCr9drQVL8pIxOzVhafOjZN9UU54hiN8PU3uAiSV7lx1yYNpbNmex2PK6dSJoNTSJUUswT651yww3Mg==
  
  lodash@^4.17.21:
    version "4.17.21"
    resolved "https://registry.yarnpkg.com/lodash/-/lodash-4.17.21.tgz#679591c564c3bffaae8454cf0b3df370c3d6911c"
    integrity sha512-v2kDEe57lecTulaDIuNTPy3Ry4gLGJ6Z1O3vE1krgXZNrsQ+LFTGHVxVjcXPs17LhbZVGedAJv8XZ1tvj5FvSg==
  
  long@^4.0.0:
    version "4.0.0"
    resolved "https://registry.npmjs.org/long/-/long-4.0.0.tgz"
    integrity sha512-XsP+KhQif4bjX1kbuSiySJFNAehNxgLb6hPRGJ9QsUr8ajHkuXGdrHmFUTUUXhDwVX2R5bY4JNZEwbUiMhV+MA==
  
  loose-envify@^1.0.0:
    version "1.4.0"
    resolved "https://registry.npmjs.org/loose-envify/-/loose-envify-1.4.0.tgz"
    integrity sha512-lyuxPGr/Wfhrlem2CL/UcnUc1zcqKAImBDzukY7Y5F/yQiNdko6+fRLevlw1HgMySw7f611UIY408EtxRSoK3Q==
    dependencies:
      js-tokens "^3.0.0 || ^4.0.0"
  
  lower-case@^2.0.2:
    version "2.0.2"
    resolved "https://registry.npmjs.org/lower-case/-/lower-case-2.0.2.tgz"
    integrity sha512-7fm3l3NAF9WfN6W3JOmf5drwpVqX78JtoGJ3A6W0a6ZnldM41w2fV5D490psKFTpMds8TJse/eHLFFsNHHjHgg==
    dependencies:
      tslib "^2.0.3"
  
  lru-cache@^10.2.0:
    version "10.2.2"
    resolved "https://registry.npmjs.org/lru-cache/-/lru-cache-10.2.2.tgz"
    integrity sha512-9hp3Vp2/hFQUiIwKo8XCeFVnrg8Pk3TYNPIR7tJADKi5YfcF7vEaK7avFHTlSy3kOKYaJQaalfEo6YuXdceBOQ==
  
  lru-cache@^5.1.1:
    version "5.1.1"
    resolved "https://registry.npmjs.org/lru-cache/-/lru-cache-5.1.1.tgz"
    integrity sha512-KpNARQA3Iwv+jTA0utUVVbrh+Jlrr1Fv0e56GGzAFOXN7dk/FviaDW8LHmK52DlcH4WP2n6gI8vN1aesBFgo9w==
    dependencies:
      yallist "^3.0.2"
  
  lru-cache@^6.0.0:
    version "6.0.0"
    resolved "https://registry.npmjs.org/lru-cache/-/lru-cache-6.0.0.tgz"
    integrity sha512-Jo6dJ04CmSjuznwJSS3pUeWmd/H0ffTlkXXgwZi+eq1UCmqQwCh+eLsYOYCwY991i2Fah4h1BEMCx4qThGbsiA==
    dependencies:
      yallist "^4.0.0"
  
  make-dir@^3.0.0:
    version "3.1.0"
    resolved "https://registry.npmjs.org/make-dir/-/make-dir-3.1.0.tgz"
    integrity sha512-g3FeP20LNwhALb/6Cz6Dd4F2ngze0jz7tbzrD2wAV+o9FeNHe4rL+yK2md0J/fiSf1sa1ADhXqi5+oVwOM/eGw==
    dependencies:
      semver "^6.0.0"
  
  make-error@1.x, make-error@^1.1.1:
    version "1.3.6"
    resolved "https://registry.npmjs.org/make-error/-/make-error-1.3.6.tgz"
    integrity sha512-s8UhlNe7vPKomQhC1qFelMokr/Sc3AgNbso3n74mVPA5LTZwkB9NlXf4XPamLxJE8h0gh73rM94xvwRT2CVInw==
  
  makeerror@1.0.12:
    version "1.0.12"
    resolved "https://registry.npmjs.org/makeerror/-/makeerror-1.0.12.tgz"
    integrity sha512-JmqCvUhmt43madlpFzG4BQzG2Z3m6tvQDNKdClZnO3VbIudJYmxsT0FNJMeiB2+JTSlTQTSbU8QdesVmwJcmLg==
    dependencies:
      tmpl "1.0.5"
  
  media-typer@0.3.0:
    version "0.3.0"
    resolved "https://registry.npmjs.org/media-typer/-/media-typer-0.3.0.tgz"
    integrity sha512-dq+qelQ9akHpcOl/gUVRTxVIOkAJ1wR3QAvb4RsVjS8oVoFjDGTc679wJYmUmknUF5HwMLOgb5O+a3KxfWapPQ==
  
  meow@^13.2.0:
    version "13.2.0"
    resolved "https://registry.npmjs.org/meow/-/meow-13.2.0.tgz"
    integrity sha512-pxQJQzB6djGPXh08dacEloMFopsOqGVRKFPYvPOt9XDZ1HasbgDZA74CJGreSU4G3Ak7EFJGoiH2auq+yXISgA==
  
  merge-descriptors@1.0.1:
    version "1.0.1"
    resolved "https://registry.npmjs.org/merge-descriptors/-/merge-descriptors-1.0.1.tgz"
    integrity sha512-cCi6g3/Zr1iqQi6ySbseM1Xvooa98N0w31jzUYrXPX2xqObmFGHJ0tQ5u74H3mVh7wLouTseZyYIq39g8cNp1w==
  
  merge-options@^3.0.4:
    version "3.0.4"
    resolved "https://registry.npmjs.org/merge-options/-/merge-options-3.0.4.tgz"
    integrity sha512-2Sug1+knBjkaMsMgf1ctR1Ujx+Ayku4EdJN4Z+C2+JzoeF7A3OZ9KM2GY0CpQS51NR61LTurMJrRKPhSs3ZRTQ==
    dependencies:
      is-plain-obj "^2.1.0"
  
  merge-stream@^2.0.0:
    version "2.0.0"
    resolved "https://registry.npmjs.org/merge-stream/-/merge-stream-2.0.0.tgz"
    integrity sha512-abv/qOcuPfk3URPfDzmZU1LKmuw8kT+0nIHvKrKgFrwifol/doWcdA4ZqsWQ8ENrFKkd67Mfpo/LovbIUsbt3w==
  
  merge2@^1.3.0:
    version "1.4.1"
    resolved "https://registry.npmjs.org/merge2/-/merge2-1.4.1.tgz"
    integrity sha512-8q7VEgMJW4J8tcfVPy8g09NcQwZdbwFEqhe/WZkoIzjn/3TGDwtOCYtXGxA3O8tPzpczCCDgv+P2P5y00ZJOOg==
  
  methods@~1.1.2:
    version "1.1.2"
    resolved "https://registry.npmjs.org/methods/-/methods-1.1.2.tgz"
    integrity sha512-iclAHeNqNm68zFtnZ0e+1L2yUIdvzNoauKU4WBA3VvH/vPFieF7qfRlwUZU+DA9P9bPXIS90ulxoUoCH23sV2w==
  
  micromatch@^4.0.4:
    version "4.0.5"
    resolved "https://registry.npmjs.org/micromatch/-/micromatch-4.0.5.tgz"
    integrity sha512-DMy+ERcEW2q8Z2Po+WNXuw3c5YaUSFjAO5GsJqfEl7UjvtIuFKO6ZrKvcItdy98dwFI2N1tg3zNIdKaQT+aNdA==
    dependencies:
      braces "^3.0.2"
      picomatch "^2.3.1"
  
  mime-db@1.52.0:
    version "1.52.0"
    resolved "https://registry.npmjs.org/mime-db/-/mime-db-1.52.0.tgz"
    integrity sha512-sPU4uV7dYlvtWJxwwxHD0PuihVNiE7TyAbQ5SWxDCB9mUYvOgroQOwYQQOKPJ8CIbE+1ETVlOoK1UC2nU3gYvg==
  
  mime-types@^2.1.12, mime-types@~2.1.24, mime-types@~2.1.34:
    version "2.1.35"
    resolved "https://registry.npmjs.org/mime-types/-/mime-types-2.1.35.tgz"
    integrity sha512-ZDY+bPm5zTTF+YpCrAU9nK0UgICYPT0QtT1NZWFv4s++TNkcgVaT0g6+4R2uI4MjQjzysHB1zxuWL50hzaeXiw==
    dependencies:
      mime-db "1.52.0"
  
  mime@1.6.0:
    version "1.6.0"
    resolved "https://registry.npmjs.org/mime/-/mime-1.6.0.tgz"
    integrity sha512-x0Vn8spI+wuJ1O6S7gnbaQg8Pxh4NNHb7KSINmEWKiPE4RKOplvijn+NkmYmmRgP68mc70j2EbeTFRsrswaQeg==
  
  mimic-fn@^2.1.0:
    version "2.1.0"
    resolved "https://registry.npmjs.org/mimic-fn/-/mimic-fn-2.1.0.tgz"
    integrity sha512-OqbOk5oEQeAZ8WXWydlu9HJjz9WVdEIvamMCcXmuqUYjTknH/sqsWvhQ3vgwKFRR1HpjvNBKQ37nbJgYzGqGcg==
  
  minimatch@^3.0.4, minimatch@^3.1.1:
    version "3.1.2"
    resolved "https://registry.npmjs.org/minimatch/-/minimatch-3.1.2.tgz"
    integrity sha512-J7p63hRiAjw1NDEww1W7i37+ByIrOWO5XQQAzZ3VOcL0PNybwpfmV/N05zFAzwQ9USyEcX6t3UO+K5aqBQOIHw==
    dependencies:
      brace-expansion "^1.1.7"
  
  minimatch@^8.0.2:
    version "8.0.4"
    resolved "https://registry.npmjs.org/minimatch/-/minimatch-8.0.4.tgz"
    integrity sha512-W0Wvr9HyFXZRGIDgCicunpQ299OKXs9RgZfaukz4qAW/pJhcpUfupc9c+OObPOFueNy8VSrZgEmDtk6Kh4WzDA==
    dependencies:
      brace-expansion "^2.0.1"
  
  minimist@^1.2.5:
    version "1.2.7"
    resolved "https://registry.npmjs.org/minimist/-/minimist-1.2.7.tgz"
    integrity sha512-bzfL1YUZsP41gmu/qjrEk0Q6i2ix/cVeAhbCbqH9u3zYutS1cLg00qhrD0M2MVdCcx4Sc0UpP2eBWo9rotpq6g==
  
  minipass@^4.2.4:
    version "4.2.8"
    resolved "https://registry.npmjs.org/minipass/-/minipass-4.2.8.tgz"
    integrity sha512-fNzuVyifolSLFL4NzpF+wEF4qrgqaaKX0haXPQEdQ7NKAN+WecoKMHV09YcuL/DHxrUsYQOK3MiuDf7Ip2OXfQ==
  
  "minipass@^5.0.0 || ^6.0.2 || ^7.0.0":
    version "7.1.1"
    resolved "https://registry.npmjs.org/minipass/-/minipass-7.1.1.tgz"
    integrity sha512-UZ7eQ+h8ywIRAW1hIEl2AqdwzJucU/Kp59+8kkZeSvafXhZjul247BvIJjEVFVeON6d7lM46XX1HXCduKAS8VA==
  
  mkdirp@^2.1.3:
    version "2.1.6"
    resolved "https://registry.npmjs.org/mkdirp/-/mkdirp-2.1.6.tgz"
    integrity sha512-+hEnITedc8LAtIP9u3HJDFIdcLV2vXP33sqLLIzkv1Db1zO/1OxbvYf0Y1OC/S/Qo5dxHXepofhmxL02PsKe+A==
  
  ms@2.0.0:
    version "2.0.0"
    resolved "https://registry.npmjs.org/ms/-/ms-2.0.0.tgz"
    integrity sha512-Tpp60P6IUJDTuOq/5Z8cdskzJujfwqfOTkrwIwj7IRISpnkJnT6SyJ4PCPnGMoFjC9ddhal5KVIYtAt97ix05A==
  
  ms@2.1.2:
    version "2.1.2"
    resolved "https://registry.npmjs.org/ms/-/ms-2.1.2.tgz"
    integrity sha512-sGkPx+VjMtmA6MX27oA4FBFELFCZZ4S4XqeGOXCv68tT+jb3vk/RyaKWP0PTKyWtmLSM0b+adUTEvbs1PEaH2w==
  
  ms@2.1.3, ms@^2.1.1:
    version "2.1.3"
    resolved "https://registry.npmjs.org/ms/-/ms-2.1.3.tgz"
    integrity sha512-6FlzubTLZG3J2a/NVCAleEhjzq5oxgHyaCU9yYXvcLsvoVaHJq/s5xXI6/XXP6tz7R9xAOtHnSO/tXtF3WRTlA==
  
  msrcrypto@^1.5.6:
    version "1.5.8"
    resolved "https://registry.npmjs.org/msrcrypto/-/msrcrypto-1.5.8.tgz"
    integrity sha512-ujZ0TRuozHKKm6eGbKHfXef7f+esIhEckmThVnz7RNyiOJd7a6MXj2JGBoL9cnPDW+JMG16MoTUh5X+XXjI66Q==
  
  multiformats@^13.1.0:
    version "13.1.0"
    resolved "https://registry.npmjs.org/multiformats/-/multiformats-13.1.0.tgz"
    integrity sha512-HzdtdBwxsIkzpeXzhQ5mAhhuxcHbjEHH+JQoxt7hG/2HGFjjwyolLo7hbaexcnhoEuV4e0TNJ8kkpMjiEYY4VQ==
  
  multiformats@^9.0.4, multiformats@^9.4.2, multiformats@^9.4.7, multiformats@^9.5.4:
    version "9.9.0"
    resolved "https://registry.npmjs.org/multiformats/-/multiformats-9.9.0.tgz"
    integrity sha512-HoMUjhH9T8DDBNT+6xzkrd9ga/XiBI4xLr58LJACwK6G3HTOPeMz4nB4KJs33L2BelrIJa7P0VuNaVF3hMYfjg==
  
  murmurhash3js-revisited@^3.0.0:
    version "3.0.0"
    resolved "https://registry.npmjs.org/murmurhash3js-revisited/-/murmurhash3js-revisited-3.0.0.tgz"
    integrity sha512-/sF3ee6zvScXMb1XFJ8gDsSnY+X8PbOyjIuBhtgis10W2Jx4ZjIhikUCIF9c4gpJxVnQIsPAFrSwTCuAjicP6g==
  
  natural-compare@^1.4.0:
    version "1.4.0"
    resolved "https://registry.npmjs.org/natural-compare/-/natural-compare-1.4.0.tgz"
    integrity sha512-OWND8ei3VtNC9h7V60qff3SVobHr996CTwgxubgyQYEpg290h9J0buyECNNJexkFm5sOajh5G116RYA1c8ZMSw==
  
  negotiator@0.6.3:
    version "0.6.3"
    resolved "https://registry.npmjs.org/negotiator/-/negotiator-0.6.3.tgz"
    integrity sha512-+EUsqGPLsM+j/zdChZjsnX51g4XrHFOIXwfnCVPGlQk/k5giakcKsuxCObBRu6DSm9opw/O6slWbJdghQM4bBg==
  
  no-case@^3.0.4:
    version "3.0.4"
    resolved "https://registry.npmjs.org/no-case/-/no-case-3.0.4.tgz"
    integrity sha512-fgAN3jGAh+RoxUGZHTSOLJIqUc2wmoBwGR4tbpNAKmmovFoWq0OdRkb0VkldReO2a2iBT/OEulG9XSUc10r3zg==
    dependencies:
      lower-case "^2.0.2"
      tslib "^2.0.3"
  
  node-fetch@2.6.7:
    version "2.6.7"
    resolved "https://registry.npmjs.org/node-fetch/-/node-fetch-2.6.7.tgz"
    integrity sha512-ZjMPFEfVx5j+y2yF35Kzx5sF7kDzxuDj6ziH4FFbOp87zKDZNx8yExJIb05OGF4Nlt9IHFIMBkRl41VdvcNdbQ==
    dependencies:
      whatwg-url "^5.0.0"
  
  node-fetch@^2.6.1, node-fetch@^2.6.7:
    version "2.7.0"
    resolved "https://registry.npmjs.org/node-fetch/-/node-fetch-2.7.0.tgz"
    integrity sha512-c4FRfUm/dbcWZ7U+1Wq0AwCyFL+3nt2bEw05wfxSz+DWpWsitgmSgYmy2dQdWyKC1694ELPqMs/YzUSNozLt8A==
    dependencies:
      whatwg-url "^5.0.0"
  
  node-inspect-extracted@^2.0.0:
    version "2.0.2"
    resolved "https://registry.npmjs.org/node-inspect-extracted/-/node-inspect-extracted-2.0.2.tgz"
    integrity sha512-8qm9+tu/GmbA/uWQRs6ad8KstyhH94a0pXpRVGHaJ9wHlJbetCYoCwXbKILaaMcE+wgbgpOpzcCnipkL8vTqxA==
  
  node-int64@^0.4.0:
    version "0.4.0"
    resolved "https://registry.npmjs.org/node-int64/-/node-int64-0.4.0.tgz"
    integrity sha512-O5lz91xSOeoXP6DulyHfllpq+Eg00MWitZIbtPfoSEvqIHdl5gfcY6hYzDWnj0qD5tz52PI08u9qUvSVeUBeHw==
  
  node-releases@^2.0.14:
    version "2.0.14"
    resolved "https://registry.npmjs.org/node-releases/-/node-releases-2.0.14.tgz"
    integrity sha512-y10wOWt8yZpqXmOgRo77WaHEmhYQYGNA6y421PKsKYWEK8aW+cqAphborZDhqfyKrbZEN92CN1X2KbafY2s7Yw==
  
  normalize-path@^3.0.0:
    version "3.0.0"
    resolved "https://registry.npmjs.org/normalize-path/-/normalize-path-3.0.0.tgz"
    integrity sha512-6eZs5Ls3WtCisHWp9S2GUy8dqkpGi4BVSz3GaqiE6ezub0512ESztXUwUB6C6IKbQkY2Pnb/mD4WYojCRwcwLA==
  
  npm-run-path@^4.0.1:
    version "4.0.1"
    resolved "https://registry.npmjs.org/npm-run-path/-/npm-run-path-4.0.1.tgz"
    integrity sha512-S48WzZW777zhNIrn7gxOlISNAqi9ZC/uQFnRdbeIHhZhCA6UqpkOT8T1G7BvfdgP4Er8gF4sUbaS0i7QvIfCWw==
    dependencies:
      path-key "^3.0.0"
  
  number-to-bn@1.7.0:
    version "1.7.0"
    resolved "https://registry.npmjs.org/number-to-bn/-/number-to-bn-1.7.0.tgz"
    integrity sha512-wsJ9gfSz1/s4ZsJN01lyonwuxA1tml6X1yBDnfpMglypcBRFZZkus26EdPSlqS5GJfYddVZa22p3VNb3z5m5Ig==
    dependencies:
      bn.js "4.11.6"
      strip-hex-prefix "1.0.0"
  
  object-assign@^4:
    version "4.1.1"
    resolved "https://registry.yarnpkg.com/object-assign/-/object-assign-4.1.1.tgz#2109adc7965887cfc05cbbd442cac8bfbb360863"
    integrity sha512-rJgTQnkUnH1sFw8yT6VSU3zD3sWmu6sZhIseY8VX+GRu3P6F7Fu+JNDoXfklElbLJSnc3FUQHVe4cU5hj+BcUg==
  
  object-inspect@^1.13.1:
    version "1.13.1"
    resolved "https://registry.npmjs.org/object-inspect/-/object-inspect-1.13.1.tgz"
    integrity sha512-5qoj1RUiKOMsCCNLV1CBiPYE10sziTsnmNxkAI/rZhiD63CF7IqdFGC/XzjWjpSgLf0LxXX3bDFIh0E18f6UhQ==
  
  ohm-js@^17.1.0:
    version "17.1.0"
    resolved "https://registry.npmjs.org/ohm-js/-/ohm-js-17.1.0.tgz"
    integrity sha512-xc3B5dgAjTBQGHaH7B58M2Pmv6WvzrJ/3/7LeUzXNg0/sY3jQPdSd/S2SstppaleO77rifR1tyhdfFGNIwxf2Q==
  
  on-finished@2.4.1:
    version "2.4.1"
    resolved "https://registry.npmjs.org/on-finished/-/on-finished-2.4.1.tgz"
    integrity sha512-oVlzkg3ENAhCk2zdv7IJwd/QUD4z2RxRwpkcGY8psCVcCYZNq4wYnVWALHM+brtuJjePWiYF/ClmuDr8Ch5+kg==
    dependencies:
      ee-first "1.1.1"
  
  once@^1.3.0:
    version "1.4.0"
    resolved "https://registry.npmjs.org/once/-/once-1.4.0.tgz"
    integrity sha512-lNaJgI+2Q5URQBkccEKHTQOPaXdUxnZZElQTZY0MFUAuaEqe1E+Nyvgdz/aIyNi6Z9MzO5dv1H8n58/GELp3+w==
    dependencies:
      wrappy "1"
  
  onetime@^5.1.2:
    version "5.1.2"
    resolved "https://registry.npmjs.org/onetime/-/onetime-5.1.2.tgz"
    integrity sha512-kbpaSSGJTWdAY5KPVeMOKXSrPtr8C8C7wodJbcsd51jRnmD+GZu8Y0VoU6Dm5Z4vWr0Ig/1NKuWRKf7j5aaYSg==
    dependencies:
      mimic-fn "^2.1.0"
  
  open@^8.4.0:
    version "8.4.0"
    resolved "https://registry.npmjs.org/open/-/open-8.4.0.tgz"
    integrity sha512-XgFPPM+B28FtCCgSb9I+s9szOC1vZRSwgWsRUA5ylIxRTgKozqjOCrVOqGsYABPYK5qnfqClxZTFBa8PKt2v6Q==
    dependencies:
      define-lazy-prop "^2.0.0"
      is-docker "^2.1.1"
      is-wsl "^2.2.0"
  
  p-limit@^2.2.0:
    version "2.3.0"
    resolved "https://registry.npmjs.org/p-limit/-/p-limit-2.3.0.tgz"
    integrity sha512-//88mFWSJx8lxCzwdAABTJL2MyWB12+eIY7MDL2SqLmAkeKU9qxRvWuSyTjm3FUmpBEMuFfckAIqEaVGUDxb6w==
    dependencies:
      p-try "^2.0.0"
  
  p-limit@^3.0.2, p-limit@^3.1.0:
    version "3.1.0"
    resolved "https://registry.npmjs.org/p-limit/-/p-limit-3.1.0.tgz"
    integrity sha512-TYOanM3wGwNGsZN2cVTYPArw454xnXj5qmWF1bEoAc4+cU/ol7GVh7odevjp1FNHduHc3KZMcFduxU5Xc6uJRQ==
    dependencies:
      yocto-queue "^0.1.0"
  
  p-locate@^4.1.0:
    version "4.1.0"
    resolved "https://registry.npmjs.org/p-locate/-/p-locate-4.1.0.tgz"
    integrity sha512-R79ZZ/0wAxKGu3oYMlz8jy/kbhsNrS7SKZ7PxEHBgJ5+F2mtFW2fK2cOtBh1cHYkQsbzFV7I+EoRKe6Yt0oK7A==
    dependencies:
      p-limit "^2.2.0"
  
  p-locate@^5.0.0:
    version "5.0.0"
    resolved "https://registry.npmjs.org/p-locate/-/p-locate-5.0.0.tgz"
    integrity sha512-LaNjtRWUBY++zB5nE/NwcaoMylSPk+S+ZHNB1TzdbMJMny6dynpAGt7X/tl/QYq3TIeE6nxHppbo2LGymrG5Pw==
    dependencies:
      p-limit "^3.0.2"
  
  p-try@^2.0.0:
    version "2.2.0"
    resolved "https://registry.npmjs.org/p-try/-/p-try-2.2.0.tgz"
    integrity sha512-R4nPAVTAU0B9D35/Gk3uJf/7XYbQcyohSKdvAxIRSNghFl4e71hVoGnBNQz9cWaXxO2I10KTC+3jMdvvoKw6dQ==
  
  param-case@^3.0.4:
    version "3.0.4"
    resolved "https://registry.npmjs.org/param-case/-/param-case-3.0.4.tgz"
    integrity sha512-RXlj7zCYokReqWpOPH9oYivUzLYZ5vAPIfEmCTNViosC78F8F0H9y7T7gG2M39ymgutxF5gcFEsyZQSph9Bp3A==
    dependencies:
      dot-case "^3.0.4"
      tslib "^2.0.3"
  
  parse-json@^5.2.0:
    version "5.2.0"
    resolved "https://registry.npmjs.org/parse-json/-/parse-json-5.2.0.tgz"
    integrity sha512-ayCKvm/phCGxOkYRSCM82iDwct8/EonSEgCSxWxD7ve6jHggsFl4fZVQBPRNgQoKiuV/odhFrGzQXZwbifC8Rg==
    dependencies:
      "@babel/code-frame" "^7.0.0"
      error-ex "^1.3.1"
      json-parse-even-better-errors "^2.3.0"
      lines-and-columns "^1.1.6"
  
  parseurl@~1.3.3:
    version "1.3.3"
    resolved "https://registry.npmjs.org/parseurl/-/parseurl-1.3.3.tgz"
    integrity sha512-CiyeOxFT/JZyN5m0z9PfXw4SCBJ6Sygz1Dpl0wqjlhDEGGBP1GnsUVEL0p63hoG1fcj3fHynXi9NYO4nWOL+qQ==
  
  pascal-case@^3.1.2:
    version "3.1.2"
    resolved "https://registry.npmjs.org/pascal-case/-/pascal-case-3.1.2.tgz"
    integrity sha512-uWlGT3YSnK9x3BQJaOdcZwrnV6hPpd8jFH1/ucpiLRPh/2zCVJKS19E4GvYHvaCcACn3foXZ0cLB9Wrx1KGe5g==
    dependencies:
      no-case "^3.0.4"
      tslib "^2.0.3"
  
  path-case@^3.0.4:
    version "3.0.4"
    resolved "https://registry.npmjs.org/path-case/-/path-case-3.0.4.tgz"
    integrity sha512-qO4qCFjXqVTrcbPt/hQfhTQ+VhFsqNKOPtytgNKkKxSoEp3XPUQ8ObFuePylOIok5gjn69ry8XiULxCwot3Wfg==
    dependencies:
      dot-case "^3.0.4"
      tslib "^2.0.3"
  
  path-exists@^4.0.0:
    version "4.0.0"
    resolved "https://registry.npmjs.org/path-exists/-/path-exists-4.0.0.tgz"
    integrity sha512-ak9Qy5Q7jYb2Wwcey5Fpvg2KoAc/ZIhLSLOSBmRmygPsGwkVVt0fZa0qrtMz+m6tJTAHfZQ8FnmB4MG4LWy7/w==
  
  path-is-absolute@^1.0.0:
    version "1.0.1"
    resolved "https://registry.npmjs.org/path-is-absolute/-/path-is-absolute-1.0.1.tgz"
    integrity sha512-AVbw3UJ2e9bq64vSaS9Am0fje1Pa8pbGqTTsmXfaIiMpnr5DlDhfJOuLj9Sf95ZPVDAUerDfEk88MPmPe7UCQg==
  
  path-key@^3.0.0, path-key@^3.1.0:
    version "3.1.1"
    resolved "https://registry.npmjs.org/path-key/-/path-key-3.1.1.tgz"
    integrity sha512-ojmeN0qd+y0jszEtoY48r0Peq5dwMEkIlCOu6Q5f41lfkswXuKtYrhgoTpLnyIcHm24Uhqx+5Tqm2InSwLhE6Q==
  
  path-normalize@^6.0.13:
    version "6.0.13"
    resolved "https://registry.npmjs.org/path-normalize/-/path-normalize-6.0.13.tgz"
    integrity sha512-PfC1Pc+IEhI77UEN731pj2nMs9gHAV36IA6IW6VdXWjoQesf+jtO9hdMUqTRS6mwR0T5rmyUrQzd5vw0VwL1Lw==
  
  path-parse@^1.0.7:
    version "1.0.7"
    resolved "https://registry.npmjs.org/path-parse/-/path-parse-1.0.7.tgz"
    integrity sha512-LDJzPVEEEPR+y48z93A0Ed0yXb8pAByGWo/k5YYdYgpY2/2EsOsksJrq7lOHxryrVOn1ejG6oAp8ahvOIQD8sw==
  
  path-scurry@^1.6.1:
    version "1.11.1"
    resolved "https://registry.npmjs.org/path-scurry/-/path-scurry-1.11.1.tgz"
    integrity sha512-Xa4Nw17FS9ApQFJ9umLiJS4orGjm7ZzwUrwamcGQuHSzDyth9boKDaycYdDcZDuqYATXw4HFXgaqWTctW/v1HA==
    dependencies:
      lru-cache "^10.2.0"
      minipass "^5.0.0 || ^6.0.2 || ^7.0.0"
  
  path-to-regexp@0.1.7:
    version "0.1.7"
    resolved "https://registry.npmjs.org/path-to-regexp/-/path-to-regexp-0.1.7.tgz"
    integrity sha512-5DFkuoqlv1uYQKxy8omFBeJPQcdoE07Kv2sferDCrAq1ohOU+MSDswDIbnx3YAM60qIOnYa53wBhXW0EbMonrQ==
  
  picocolors@^1.0.0, picocolors@^1.0.1:
    version "1.0.1"
    resolved "https://registry.npmjs.org/picocolors/-/picocolors-1.0.1.tgz"
    integrity sha512-anP1Z8qwhkbmu7MFP5iTt+wQKXgwzf7zTyGlcdzabySa9vd0Xt392U0rVmz9poOaBj0uHJKyyo9/upk0HrEQew==
  
  picomatch@^2.0.4, picomatch@^2.2.3, picomatch@^2.3.1:
    version "2.3.1"
    resolved "https://registry.npmjs.org/picomatch/-/picomatch-2.3.1.tgz"
    integrity sha512-JU3teHTNjmE2VCGFzuY8EXzCDVwEqB2a8fsIvwaStHhAWJEeVd1o1QD80CU6+ZdEXXSLbSsuLwJjkCBWqRQUVA==
  
  pirates@^4.0.4:
    version "4.0.6"
    resolved "https://registry.npmjs.org/pirates/-/pirates-4.0.6.tgz"
    integrity sha512-saLsH7WeYYPiD25LDuLRRY/i+6HaPYr6G1OUlN39otzkSTxKnubR9RTxS3/Kk50s1g2JTgFwWQDQyplC5/SHZg==
  
  pkg-dir@^4.2.0:
    version "4.2.0"
    resolved "https://registry.npmjs.org/pkg-dir/-/pkg-dir-4.2.0.tgz"
    integrity sha512-HRDzbaKjC+AOWVXxAU/x54COGeIv9eb+6CkDSQoNTt4XyWoIJvuPsXizxu/Fr23EiekbtZwmh1IcIG/l/a10GQ==
    dependencies:
      find-up "^4.0.0"
  
  prando@^6.0.1:
    version "6.0.1"
    resolved "https://registry.npmjs.org/prando/-/prando-6.0.1.tgz"
    integrity sha512-ghUWxQ1T9IJmPu6eshc3VU0OwveUtXQ33ZLXYUcz1Oc5ppKLDXKp0TBDj6b0epwhEctzcQSNGR2iHyvQSn4W5A==
  
  prettier@^2.5.1:
    version "2.8.3"
    resolved "https://registry.npmjs.org/prettier/-/prettier-2.8.3.tgz"
    integrity sha512-tJ/oJ4amDihPoufT5sM0Z1SKEuKay8LfVAMlbbhnnkvt6BUserZylqo2PN+p9KeljLr0OHa2rXHU1T8reeoTrw==
  
  pretty-format@^29.0.0, pretty-format@^29.4.1, pretty-format@^29.7.0:
    version "29.7.0"
    resolved "https://registry.npmjs.org/pretty-format/-/pretty-format-29.7.0.tgz"
    integrity sha512-Pdlw/oPxN+aXdmM9R00JVC9WVFoCLTKJvDVLgmJ+qAffBMxsV85l/Lu7sNx4zSzPyoL2euImuEwHhOXdEgNFZQ==
    dependencies:
      "@jest/schemas" "^29.6.3"
      ansi-styles "^5.0.0"
      react-is "^18.0.0"
  
  prom-client@^15.1.2:
    version "15.1.3"
    resolved "https://registry.yarnpkg.com/prom-client/-/prom-client-15.1.3.tgz#69fa8de93a88bc9783173db5f758dc1c69fa8fc2"
    integrity sha512-6ZiOBfCywsD4k1BN9IX0uZhF+tJkV8q8llP64G5Hajs4JOeVLPCwpPVcpXy3BwYiUGgyJzsJJQeOIv7+hDSq8g==
    dependencies:
      "@opentelemetry/api" "^1.4.0"
      tdigest "^0.1.1"
  
  prompts@^2.0.1:
    version "2.4.2"
    resolved "https://registry.npmjs.org/prompts/-/prompts-2.4.2.tgz"
    integrity sha512-NxNv/kLguCA7p3jE8oL2aEBsrJWgAakBpgmgK6lpPWV+WuOmY6r2/zbAVnP+T8bQlA0nzHXSJSJW0Hq7ylaD2Q==
    dependencies:
      kleur "^3.0.3"
      sisteransi "^1.0.5"
  
  protobufjs@^6.10.2:
    version "6.11.3"
    resolved "https://registry.npmjs.org/protobufjs/-/protobufjs-6.11.3.tgz"
    integrity sha512-xL96WDdCZYdU7Slin569tFX712BxsxslWwAfAhCYjQKGTq7dAU91Lomy6nLLhh/dyGhk/YH4TwTSRxTzhuHyZg==
    dependencies:
      "@protobufjs/aspromise" "^1.1.2"
      "@protobufjs/base64" "^1.1.2"
      "@protobufjs/codegen" "^2.0.4"
      "@protobufjs/eventemitter" "^1.1.0"
      "@protobufjs/fetch" "^1.1.0"
      "@protobufjs/float" "^1.0.2"
      "@protobufjs/inquire" "^1.1.0"
      "@protobufjs/path" "^1.1.2"
      "@protobufjs/pool" "^1.1.0"
      "@protobufjs/utf8" "^1.1.0"
      "@types/long" "^4.0.1"
      "@types/node" ">=13.7.0"
      long "^4.0.0"
  
  proxy-addr@~2.0.7:
    version "2.0.7"
    resolved "https://registry.npmjs.org/proxy-addr/-/proxy-addr-2.0.7.tgz"
    integrity sha512-llQsMLSUDUPT44jdrU/O37qlnifitDP+ZwrmmZcoSKyLKvtZxpyV0n2/bD/N4tBAAZ/gJEdZU7KMraoK1+XYAg==
    dependencies:
      forwarded "0.2.0"
      ipaddr.js "1.9.1"
  
  proxy-from-env@^1.1.0:
    version "1.1.0"
    resolved "https://registry.npmjs.org/proxy-from-env/-/proxy-from-env-1.1.0.tgz"
    integrity sha512-D+zkORCbA9f1tdWRK0RaCR3GPv50cMxcrz4X8k5LTSUD1Dkw47mKJEZQNunItRTkWwgtaUSo1RVFRIG9ZXiFYg==
  
  pvtsutils@^1.3.2, pvtsutils@^1.3.5:
    version "1.3.5"
    resolved "https://registry.npmjs.org/pvtsutils/-/pvtsutils-1.3.5.tgz"
    integrity sha512-ARvb14YB9Nm2Xi6nBq1ZX6dAM0FsJnuk+31aUp4TrcZEdKUlSqOqsxJHUPJDNE3qiIp+iUPEIeR6Je/tgV7zsA==
    dependencies:
      tslib "^2.6.1"
  
  pvutils@^1.1.3:
    version "1.1.3"
    resolved "https://registry.npmjs.org/pvutils/-/pvutils-1.1.3.tgz"
    integrity sha512-pMpnA0qRdFp32b1sJl1wOJNxZLQ2cbQx+k6tjNtZ8CpvVhNqEPRgivZ2WOUev2YMajecdH7ctUPDvEe87nariQ==
  
  qs@6.11.0:
    version "6.11.0"
    resolved "https://registry.npmjs.org/qs/-/qs-6.11.0.tgz"
    integrity sha512-MvjoMCJwEarSbUYk5O+nmoSzSutSsTwF85zcHPQ9OrlFoZOYIjaqBAJIqIXjptyD5vThxGq52Xu/MaJzRkIk4Q==
    dependencies:
      side-channel "^1.0.4"
  
  qs@^6.11.0, qs@^6.12.1:
    version "6.12.1"
    resolved "https://registry.npmjs.org/qs/-/qs-6.12.1.tgz"
    integrity sha512-zWmv4RSuB9r2mYQw3zxQuHWeU+42aKi1wWig/j4ele4ygELZ7PEO6MM7rim9oAQH2A5MWfsAVf/jPvTPgCbvUQ==
    dependencies:
      side-channel "^1.0.6"
  
  queue-microtask@^1.2.2:
    version "1.2.3"
    resolved "https://registry.npmjs.org/queue-microtask/-/queue-microtask-1.2.3.tgz"
    integrity sha512-NuaNSa6flKT5JaSYQzJok04JzTL1CA6aGhv5rfLW3PgqA+M2ChpZQnAC8h8i4ZFkBS8X5RqkDBHA7r4hej3K9A==
  
  rabin-wasm@^0.1.4:
    version "0.1.5"
    resolved "https://registry.npmjs.org/rabin-wasm/-/rabin-wasm-0.1.5.tgz"
    integrity sha512-uWgQTo7pim1Rnj5TuWcCewRDTf0PEFTSlaUjWP4eY9EbLV9em08v89oCz/WO+wRxpYuO36XEHp4wgYQnAgOHzA==
    dependencies:
      "@assemblyscript/loader" "^0.9.4"
      bl "^5.0.0"
      debug "^4.3.1"
      minimist "^1.2.5"
      node-fetch "^2.6.1"
      readable-stream "^3.6.0"
  
  range-parser@~1.2.1:
    version "1.2.1"
    resolved "https://registry.npmjs.org/range-parser/-/range-parser-1.2.1.tgz"
    integrity sha512-Hrgsx+orqoygnmhFbKaHE6c296J+HTAQXoxEF6gNupROmmGJRoyzfG3ccAveqCBrwr/2yxQ5BVd/GTl5agOwSg==
  
  raw-body@2.5.2:
    version "2.5.2"
    resolved "https://registry.npmjs.org/raw-body/-/raw-body-2.5.2.tgz"
    integrity sha512-8zGqypfENjCIqGhgXToC8aB2r7YrBX+AQAfIPs/Mlk+BtPTztOvTS01NRW/3Eh60J+a48lt8qsCzirQ6loCVfA==
    dependencies:
      bytes "3.1.2"
      http-errors "2.0.0"
      iconv-lite "0.4.24"
      unpipe "1.0.0"
  
  react-is@^18.0.0:
    version "18.2.0"
    resolved "https://registry.npmjs.org/react-is/-/react-is-18.2.0.tgz"
    integrity sha512-xWGDIW6x921xtzPkhiULtthJHoJvBbF3q26fzloPCK0hsvxtPVelvftw3zjbHWSkR2km9Z+4uxbDDK/6Zw9B8w==
  
  react-native-securerandom@^0.1.1:
    version "0.1.1"
    resolved "https://registry.npmjs.org/react-native-securerandom/-/react-native-securerandom-0.1.1.tgz"
    integrity sha512-CozcCx0lpBLevxiXEb86kwLRalBCHNjiGPlw3P7Fi27U6ZLdfjOCNRHD1LtBKcvPvI3TvkBXB3GOtLvqaYJLGw==
    dependencies:
      base64-js "*"
  
  readable-stream@^3.4.0, readable-stream@^3.6.0:
    version "3.6.0"
    resolved "https://registry.npmjs.org/readable-stream/-/readable-stream-3.6.0.tgz"
    integrity sha512-BViHy7LKeTz4oNnkcLJ+lVSL6vpiFeX6/d3oSH8zCW7UxP2onchk+vTGB143xuFjHS3deTgkKoXXymXqymiIdA==
    dependencies:
      inherits "^2.0.3"
      string_decoder "^1.1.1"
      util-deprecate "^1.0.1"
  
  require-directory@^2.1.1:
    version "2.1.1"
    resolved "https://registry.npmjs.org/require-directory/-/require-directory-2.1.1.tgz"
    integrity sha512-fGxEI7+wsG9xrvdjsrlmL22OMTTiHRwAMroiEeMgq8gzoLC/PQr7RsRDSTLUg/bZAZtF+TVIkHc6/4RIKrui+Q==
  
  resolve-cwd@^3.0.0:
    version "3.0.0"
    resolved "https://registry.npmjs.org/resolve-cwd/-/resolve-cwd-3.0.0.tgz"
    integrity sha512-OrZaX2Mb+rJCpH/6CpSqt9xFVpN++x01XnN2ie9g6P5/3xelLAkXWVADpdz1IHD/KFfEXyE6V0U01OQ3UO2rEg==
    dependencies:
      resolve-from "^5.0.0"
  
  resolve-from@^5.0.0:
    version "5.0.0"
    resolved "https://registry.npmjs.org/resolve-from/-/resolve-from-5.0.0.tgz"
    integrity sha512-qYg9KP24dD5qka9J47d0aVky0N+b4fTU89LN9iDnjB5waksiC49rvMB0PrUJQGoTmH50XPiqOvAjDfaijGxYZw==
  
  resolve.exports@^2.0.0:
    version "2.0.2"
    resolved "https://registry.npmjs.org/resolve.exports/-/resolve.exports-2.0.2.tgz"
    integrity sha512-X2UW6Nw3n/aMgDVy+0rSqgHlv39WZAlZrXCdnbyEiKm17DSqHX4MmQMaST3FbeWR5FTuRcUwYAziZajji0Y7mg==
  
  resolve@^1.20.0:
    version "1.22.1"
    resolved "https://registry.npmjs.org/resolve/-/resolve-1.22.1.tgz"
    integrity sha512-nBpuuYuY5jFsli/JIs1oldw6fOQCBioohqWZg/2hiaOybXOft4lonv85uDOKXdf8rhyK159cxU5cDcK/NKk8zw==
    dependencies:
      is-core-module "^2.9.0"
      path-parse "^1.0.7"
      supports-preserve-symlinks-flag "^1.0.0"
  
  reusify@^1.0.4:
    version "1.0.4"
    resolved "https://registry.npmjs.org/reusify/-/reusify-1.0.4.tgz"
    integrity sha512-U9nH88a3fc/ekCF1l0/UP1IosiuIjyTh7hBvXVMHYgVcfGvt897Xguj2UOLDeI5BG2m7/uwyaLVT6fbtCwTyzw==
  
  run-parallel@^1.1.9:
    version "1.2.0"
    resolved "https://registry.npmjs.org/run-parallel/-/run-parallel-1.2.0.tgz"
    integrity sha512-5l4VyZR86LZ/lDxZTR6jqL8AFE2S0IFLMP26AbjsLVADxHdhB/c0GUsH+y39UfCi3dzz8OlQuPmnaJOMoDHQBA==
    dependencies:
      queue-microtask "^1.2.2"
  
  rxjs@6, rxjs@^6.6.7:
    version "6.6.7"
    resolved "https://registry.npmjs.org/rxjs/-/rxjs-6.6.7.tgz"
    integrity sha512-hTdwr+7yYNIT5n4AMYp85KA6yw2Va0FLa3Rguvbpa4W3I5xynaBZo41cM3XM+4Q6fRMj3sBYIR1VAmZMXYJvRQ==
    dependencies:
      tslib "^1.9.0"
  
  safe-buffer@5.2.1, safe-buffer@^5.0.1, safe-buffer@~5.2.0:
    version "5.2.1"
    resolved "https://registry.npmjs.org/safe-buffer/-/safe-buffer-5.2.1.tgz"
    integrity sha512-rp3So07KcdmmKbGvgaNxQSJr7bGVSVk5S9Eq1F+ppbRo70+YeaDxkw5Dd8NPN+GD6bjnYm2VuPuCXmpuYvmCXQ==
  
  "safer-buffer@>= 2.1.2 < 3":
    version "2.1.2"
    resolved "https://registry.npmjs.org/safer-buffer/-/safer-buffer-2.1.2.tgz"
    integrity sha512-YZo3K82SD7Riyi0E1EQPojLz7kpepnSQI9IyPbHHg1XXXevb5dJI7tpyN2ADxGcQbHG7vcyRHk0cbwqcQriUtg==
  
  semver@7.x:
    version "7.3.8"
    resolved "https://registry.npmjs.org/semver/-/semver-7.3.8.tgz"
    integrity sha512-NB1ctGL5rlHrPJtFDVIVzTyQylMLu9N9VICA6HSFJo8MCGVTMW6gfpicwKmmK/dAjTOrqu5l63JJOpDSrAis3A==
    dependencies:
      lru-cache "^6.0.0"
  
  semver@^6.0.0, semver@^6.3.0:
    version "6.3.0"
    resolved "https://registry.npmjs.org/semver/-/semver-6.3.0.tgz"
    integrity sha512-b39TBaTSfV6yBrapU89p5fKekE2m/NwnDocOVruQFS1/veMgdzuPcnOM34M6CwxW8jH/lxEa5rBoDeUwu5HHTw==
  
  semver@^6.3.1:
    version "6.3.1"
    resolved "https://registry.npmjs.org/semver/-/semver-6.3.1.tgz"
    integrity sha512-BR7VvDCVHO+q2xBEWskxS6DJE1qRnb7DxzUrogb71CWoSficBxYsiAGd+Kl0mmq/MprG9yArRkyrQxTO6XjMzA==
  
  semver@^7.3.5, semver@^7.5.4:
    version "7.6.2"
    resolved "https://registry.npmjs.org/semver/-/semver-7.6.2.tgz"
    integrity sha512-FNAIBWCx9qcRhoHcgcJ0gvU7SN1lYU2ZXuSfl04bSC5OpvDHFyJCjdNHomPXxjQlCBU67YW64PzY7/VIEH7F2w==
  
  send@0.18.0:
    version "0.18.0"
    resolved "https://registry.npmjs.org/send/-/send-0.18.0.tgz"
    integrity sha512-qqWzuOjSFOuqPjFe4NOsMLafToQQwBSOEpS+FwEt3A2V3vKubTquT3vmLTQpFgMXp8AlFWFuP1qKaJZOtPpVXg==
    dependencies:
      debug "2.6.9"
      depd "2.0.0"
      destroy "1.2.0"
      encodeurl "~1.0.2"
      escape-html "~1.0.3"
      etag "~1.8.1"
      fresh "0.5.2"
      http-errors "2.0.0"
      mime "1.6.0"
      ms "2.1.3"
      on-finished "2.4.1"
      range-parser "~1.2.1"
      statuses "2.0.1"
  
  sentence-case@^3.0.4:
    version "3.0.4"
    resolved "https://registry.npmjs.org/sentence-case/-/sentence-case-3.0.4.tgz"
    integrity sha512-8LS0JInaQMCRoQ7YUytAo/xUu5W2XnQxV2HI/6uM6U7CITS1RqPElr30V6uIqyMKM9lJGRVFy5/4CuzcixNYSg==
    dependencies:
      no-case "^3.0.4"
      tslib "^2.0.3"
      upper-case-first "^2.0.2"
  
  serve-static@1.15.0:
    version "1.15.0"
    resolved "https://registry.npmjs.org/serve-static/-/serve-static-1.15.0.tgz"
    integrity sha512-XGuRDNjXUijsUL0vl6nSD7cwURuzEgglbOaFuZM9g3kwDXOWVTck0jLzjPzGD+TazWbboZYu52/9/XPdUgne9g==
    dependencies:
      encodeurl "~1.0.2"
      escape-html "~1.0.3"
      parseurl "~1.3.3"
      send "0.18.0"
  
  set-function-length@^1.2.1:
    version "1.2.2"
    resolved "https://registry.npmjs.org/set-function-length/-/set-function-length-1.2.2.tgz"
    integrity sha512-pgRc4hJ4/sNjWCSS9AmnS40x3bNMDTknHgL5UaMBTMyJnU90EgWh1Rz+MC9eFu4BuN/UwZjKQuY/1v3rM7HMfg==
    dependencies:
      define-data-property "^1.1.4"
      es-errors "^1.3.0"
      function-bind "^1.1.2"
      get-intrinsic "^1.2.4"
      gopd "^1.0.1"
      has-property-descriptors "^1.0.2"
  
  setprototypeof@1.2.0:
    version "1.2.0"
    resolved "https://registry.npmjs.org/setprototypeof/-/setprototypeof-1.2.0.tgz"
    integrity sha512-E5LDX7Wrp85Kil5bhZv46j8jOeboKq5JMmYM3gVGdGH8xFpPWXUMsNrlODCrkoxMEeNi/XZIwuRvY4XNwYMJpw==
  
  shebang-command@^2.0.0:
    version "2.0.0"
    resolved "https://registry.npmjs.org/shebang-command/-/shebang-command-2.0.0.tgz"
    integrity sha512-kHxr2zZpYtdmrN1qDjrrX/Z1rR1kG8Dx+gkpK1G4eXmvXswmcE1hTWBWYUzlraYw1/yZp6YuDY77YtvbN0dmDA==
    dependencies:
      shebang-regex "^3.0.0"
  
  shebang-regex@^3.0.0:
    version "3.0.0"
    resolved "https://registry.npmjs.org/shebang-regex/-/shebang-regex-3.0.0.tgz"
    integrity sha512-7++dFhtcx3353uBaq8DDR4NuxBetBzC7ZQOhmTQInHEd6bSrXdiEyzCvG07Z44UYdLShWUyXt5M/yhz8ekcb1A==
  
  side-channel@^1.0.4, side-channel@^1.0.6:
    version "1.0.6"
    resolved "https://registry.npmjs.org/side-channel/-/side-channel-1.0.6.tgz"
    integrity sha512-fDW/EZ6Q9RiO8eFG8Hj+7u/oW+XrPTIChwCOM2+th2A6OblDtYYIpve9m+KvI9Z4C9qSEXlaGR6bTEYHReuglA==
    dependencies:
      call-bind "^1.0.7"
      es-errors "^1.3.0"
      get-intrinsic "^1.2.4"
      object-inspect "^1.13.1"
  
  signal-exit@^3.0.3, signal-exit@^3.0.7:
    version "3.0.7"
    resolved "https://registry.npmjs.org/signal-exit/-/signal-exit-3.0.7.tgz"
    integrity sha512-wnD2ZE+l+SPC/uoS0vXeE9L1+0wuaMqKlfz9AMUo38JsyLSBWSFcHR1Rri62LZc12vLr1gb3jl7iwQhgwpAbGQ==
  
  sisteransi@^1.0.5:
    version "1.0.5"
    resolved "https://registry.npmjs.org/sisteransi/-/sisteransi-1.0.5.tgz"
    integrity sha512-bLGGlR1QxBcynn2d5YmDX4MGjlZvy2MRBDRNHLJ8VI6l6+9FUiyTFNJ0IveOSP0bcXgVDPRcfGqA0pjaqUpfVg==
  
  slash@^3.0.0:
    version "3.0.0"
    resolved "https://registry.npmjs.org/slash/-/slash-3.0.0.tgz"
    integrity sha512-g9Q1haeby36OSStwb4ntCGGGaKsaVSjQ68fBxoQcutl5fS1vuY18H3wSt3jFyFtrkx+Kz0V1G85A4MyAdDMi2Q==
  
  snake-case@^3.0.4:
    version "3.0.4"
    resolved "https://registry.npmjs.org/snake-case/-/snake-case-3.0.4.tgz"
    integrity sha512-LAOh4z89bGQvl9pFfNF8V146i7o7/CqFPbqzYgP+yYzDIDeS9HaNFtXABamRW+AQzEVODcvE79ljJ+8a9YSdMg==
    dependencies:
      dot-case "^3.0.4"
      tslib "^2.0.3"
  
  source-map-support@0.5.13:
    version "0.5.13"
    resolved "https://registry.npmjs.org/source-map-support/-/source-map-support-0.5.13.tgz"
    integrity sha512-SHSKFHadjVA5oR4PPqhtAVdcBWwRYVd6g6cAXnIbRiIwc2EhPrTuKUBdSLvlEKyIP3GCf89fltvcZiP9MMFA1w==
    dependencies:
      buffer-from "^1.0.0"
      source-map "^0.6.0"
  
  source-map@^0.6.0, source-map@^0.6.1:
    version "0.6.1"
    resolved "https://registry.npmjs.org/source-map/-/source-map-0.6.1.tgz"
    integrity sha512-UjgapumWlbMhkBgzT7Ykc5YXUT46F0iKu8SGXq0bcwP5dz/h0Plj6enJqjz1Zbq2l5WaqYnrVbwWOWMyF3F47g==
  
  sparse-array@^1.3.1:
    version "1.3.2"
    resolved "https://registry.npmjs.org/sparse-array/-/sparse-array-1.3.2.tgz"
    integrity sha512-ZT711fePGn3+kQyLuv1fpd3rNSkNF8vd5Kv2D+qnOANeyKs3fx6bUMGWRPvgTTcYV64QMqZKZwcuaQSP3AZ0tg==
  
  sprintf-js@~1.0.2:
    version "1.0.3"
    resolved "https://registry.npmjs.org/sprintf-js/-/sprintf-js-1.0.3.tgz"
    integrity sha512-D9cPgkvLlV3t3IzL0D0YLvGA9Ahk4PcvVwUbN0dSGr1aP0Nrt4AEnTUbuGvquEC0mA64Gqt1fzirlRs5ibXx8g==
  
  stack-utils@^2.0.3:
    version "2.0.6"
    resolved "https://registry.npmjs.org/stack-utils/-/stack-utils-2.0.6.tgz"
    integrity sha512-XlkWvfIm6RmsWtNJx+uqtKLS8eqFbxUg0ZzLXqY0caEy9l7hruX8IpiDnjsLavoBgqCCR71TqWO8MaXYheJ3RQ==
    dependencies:
      escape-string-regexp "^2.0.0"
  
  statuses@2.0.1:
    version "2.0.1"
    resolved "https://registry.npmjs.org/statuses/-/statuses-2.0.1.tgz"
    integrity sha512-RwNA9Z/7PrK06rYLIzFMlaF+l73iwpzsqRIFgbMLbTcLD6cOao82TaWefPXQvB2fOC4AjuYSEndS7N/mTCbkdQ==
  
  str2buf@^1.3.0:
    version "1.3.0"
    resolved "https://registry.npmjs.org/str2buf/-/str2buf-1.3.0.tgz"
    integrity sha512-xIBmHIUHYZDP4HyoXGHYNVmxlXLXDrtFHYT0eV6IOdEj3VO9ccaF1Ejl9Oq8iFjITllpT8FhaXb4KsNmw+3EuA==
  
  string-length@^4.0.1:
    version "4.0.2"
    resolved "https://registry.npmjs.org/string-length/-/string-length-4.0.2.tgz"
    integrity sha512-+l6rNN5fYHNhZZy41RXsYptCjA2Igmq4EG7kZAYFQI1E1VTXarr6ZPXBg6eq7Y6eK4FEhY6AJlyuFIb/v/S0VQ==
    dependencies:
      char-regex "^1.0.2"
      strip-ansi "^6.0.0"
  
  string-width@^4.1.0, string-width@^4.2.0, string-width@^4.2.3:
    version "4.2.3"
    resolved "https://registry.npmjs.org/string-width/-/string-width-4.2.3.tgz"
    integrity sha512-wKyQRQpjJ0sIp62ErSZdGsjMJWsap5oRNihHhu6G7JVO/9jIB6UyevL+tXuOqrng8j/cxKTWyWUwvSTriiZz/g==
    dependencies:
      emoji-regex "^8.0.0"
      is-fullwidth-code-point "^3.0.0"
      strip-ansi "^6.0.1"
  
  string_decoder@^1.1.1:
    version "1.3.0"
    resolved "https://registry.npmjs.org/string_decoder/-/string_decoder-1.3.0.tgz"
    integrity sha512-hkRX8U1WjJFd8LsDJ2yQ/wWWxaopEsABU1XfkM8A+j0+85JAGppt16cr1Whg6KIbb4okU6Mql6BOj+uup/wKeA==
    dependencies:
      safe-buffer "~5.2.0"
  
  strip-ansi@^6.0.0, strip-ansi@^6.0.1:
    version "6.0.1"
    resolved "https://registry.npmjs.org/strip-ansi/-/strip-ansi-6.0.1.tgz"
    integrity sha512-Y38VPSHcqkFrCpFnQ9vuSXmquuv5oXOKpGeT6aGrr3o3Gc9AlVa6JBfUSOCnbxGGZF+/0ooI7KrPuUSztUdU5A==
    dependencies:
      ansi-regex "^5.0.1"
  
  strip-bom@^4.0.0:
    version "4.0.0"
    resolved "https://registry.npmjs.org/strip-bom/-/strip-bom-4.0.0.tgz"
    integrity sha512-3xurFv5tEgii33Zi8Jtp55wEIILR9eh34FAW00PZf+JnSsTmV/ioewSgQl97JHvgjoRGwPShsWm+IdrxB35d0w==
  
  strip-final-newline@^2.0.0:
    version "2.0.0"
    resolved "https://registry.npmjs.org/strip-final-newline/-/strip-final-newline-2.0.0.tgz"
    integrity sha512-BrpvfNAE3dcvq7ll3xVumzjKjZQ5tI1sEUIKr3Uoks0XUl45St3FlatVqef9prk4jRDzhW6WZg+3bk93y6pLjA==
  
  strip-hex-prefix@1.0.0:
    version "1.0.0"
    resolved "https://registry.npmjs.org/strip-hex-prefix/-/strip-hex-prefix-1.0.0.tgz"
    integrity sha512-q8d4ue7JGEiVcypji1bALTos+0pWtyGlivAWyPuTkHzuTCJqrK9sWxYQZUq6Nq3cuyv3bm734IhHvHtGGURU6A==
    dependencies:
      is-hex-prefixed "1.0.0"
  
  strip-json-comments@^3.1.1:
    version "3.1.1"
    resolved "https://registry.npmjs.org/strip-json-comments/-/strip-json-comments-3.1.1.tgz"
    integrity sha512-6fPc+R4ihwqP6N/aIv2f1gMH8lOVtWQHoqC4yK6oSDVVocumAsfCqjkXnqiYMhmMwS/mEHLp7Vehlt3ql6lEig==
  
  supports-color@^5.3.0:
    version "5.5.0"
    resolved "https://registry.npmjs.org/supports-color/-/supports-color-5.5.0.tgz"
    integrity sha512-QjVjwdXIt408MIiAqCX4oUKsgU2EqAGzs2Ppkm4aQYbjm+ZEWEcW4SfFNTr4uMNZma0ey4f5lgLrkB0aX0QMow==
    dependencies:
      has-flag "^3.0.0"
  
  supports-color@^7.1.0:
    version "7.2.0"
    resolved "https://registry.npmjs.org/supports-color/-/supports-color-7.2.0.tgz"
    integrity sha512-qpCAvRl9stuOHveKsn7HncJRvv501qIacKzQlO/+Lwxc9+0q2wLyv4Dfvt80/DPn2pqOBsJdDiogXGR9+OvwRw==
    dependencies:
      has-flag "^4.0.0"
  
  supports-color@^8.0.0:
    version "8.1.1"
    resolved "https://registry.npmjs.org/supports-color/-/supports-color-8.1.1.tgz"
    integrity sha512-MpUEN2OodtUzxvKQl72cUF7RQ5EiHsGvSsVG0ia9c5RbWGL2CI4C7EpPS8UTBIplnlzZiNuV56w+FuNxy3ty2Q==
    dependencies:
      has-flag "^4.0.0"
  
  supports-preserve-symlinks-flag@^1.0.0:
    version "1.0.0"
    resolved "https://registry.npmjs.org/supports-preserve-symlinks-flag/-/supports-preserve-symlinks-flag-1.0.0.tgz"
    integrity sha512-ot0WnXS9fgdkgIcePe6RHNk1WA8+muPa6cSjeR3V8K27q9BB1rTE3R1p7Hv0z1ZyAc8s6Vvv8DIyWf681MAt0w==
  
  symbol.inspect@1.0.1:
    version "1.0.1"
    resolved "https://registry.npmjs.org/symbol.inspect/-/symbol.inspect-1.0.1.tgz"
    integrity sha512-YQSL4duoHmLhsTD1Pw8RW6TZ5MaTX5rXJnqacJottr2P2LZBF/Yvrc3ku4NUpMOm8aM0KOCqM+UAkMA5HWQCzQ==
  
  tdigest@^0.1.1:
    version "0.1.2"
    resolved "https://registry.yarnpkg.com/tdigest/-/tdigest-0.1.2.tgz#96c64bac4ff10746b910b0e23b515794e12faced"
    integrity sha512-+G0LLgjjo9BZX2MfdvPfH+MKLCrxlXSYec5DaPYP1fe6Iyhf0/fSmJ0bFiZ1F8BT6cGXl2LpltQptzjXKWEkKA==
    dependencies:
      bintrees "1.0.2"
  
  teslabot@^1.3.0, teslabot@^1.5.0:
    version "1.5.0"
    resolved "https://registry.npmjs.org/teslabot/-/teslabot-1.5.0.tgz"
    integrity sha512-e2MmELhCgrgZEGo7PQu/6bmYG36IDH+YrBI1iGm6jovXkeDIGa3pZ2WSqRjzkuw2vt1EqfkZoV5GpXgqL8QJVg==
  
  test-exclude@^6.0.0:
    version "6.0.0"
    resolved "https://registry.npmjs.org/test-exclude/-/test-exclude-6.0.0.tgz"
    integrity sha512-cAGWPIyOHU6zlmg88jwm7VRyXnMN7iV68OGAbYDk/Mh/xC/pzVPlQtY6ngoIH/5/tciuhGfvESU8GrHrcxD56w==
    dependencies:
      "@istanbuljs/schema" "^0.1.2"
      glob "^7.1.4"
      minimatch "^3.0.4"
  
  tmpl@1.0.5:
    version "1.0.5"
    resolved "https://registry.npmjs.org/tmpl/-/tmpl-1.0.5.tgz"
    integrity sha512-3f0uOEAQwIqGuWW2MVzYg8fV/QNnc/IpuJNG837rLuczAaLVHslWHZQj4IGiEl5Hs3kkbhwL9Ab7Hrsmuj+Smw==
  
  to-fast-properties@^2.0.0:
    version "2.0.0"
    resolved "https://registry.npmjs.org/to-fast-properties/-/to-fast-properties-2.0.0.tgz"
    integrity sha512-/OaKK0xYrs3DmxRYqL/yDc+FxFUVYhDlXMhRmv3z915w2HF1tnN1omB354j8VUGO/hbRzyD6Y3sA7v7GS/ceog==
  
  to-regex-range@^5.0.1:
    version "5.0.1"
    resolved "https://registry.npmjs.org/to-regex-range/-/to-regex-range-5.0.1.tgz"
    integrity sha512-65P7iz6X5yEr1cwcgvQxbbIw7Uk3gOy5dIdtZ4rDveLqhrdJP+Li/Hx6tyK0NEb+2GCyneCMJiGqrADCSNk8sQ==
    dependencies:
      is-number "^7.0.0"
  
  toidentifier@1.0.1:
    version "1.0.1"
    resolved "https://registry.npmjs.org/toidentifier/-/toidentifier-1.0.1.tgz"
    integrity sha512-o5sSPKEkg/DIQNmH43V0/uerLrpzVedkUh8tGNvaeXpfpuwjKenlSox/2O/BTlZUtEe+JG7s5YhEz608PlAHRA==
  
  ton-crypto-primitives@2.0.0:
    version "2.0.0"
    resolved "https://registry.npmjs.org/ton-crypto-primitives/-/ton-crypto-primitives-2.0.0.tgz"
    integrity sha512-K+qKjpS0h9sPW6oExcpxnzuQ7nEgHEiDKwIqE/jWD25o8iFGe3FWj1gKxFNbKE9wwYKc5IV8FwrU+raF0KO5nQ==
    dependencies:
      jssha "3.2.0"
  
  ton-crypto@^3.2.0:
    version "3.2.0"
    resolved "https://registry.npmjs.org/ton-crypto/-/ton-crypto-3.2.0.tgz"
    integrity sha512-fltdBNQ45gARMuGMEOjPZWPJ5eSql8p3CA0Dj7tPv5lhU5ziT8SxXLAzDraR9HJ8YpjBHLVvYyhMLRiEwxgtMQ==
    dependencies:
      jssha "3.2.0"
      ton-crypto-primitives "2.0.0"
      tweetnacl "1.0.3"
  
  ton@^13.9.0:
    version "13.9.0"
    resolved "https://registry.yarnpkg.com/ton/-/ton-13.9.0.tgz#801135d4791be15847057d0484927b9b4a257706"
    integrity sha512-IjZa4vFsyYHzQFY3kMSK/vw8T9b4zSJlSkZOgD8qeP4AFVxcD6pZ7TxfATwLJnA/4MCbaM9DY0V076oMjluDQg==
    dependencies:
      axios "^0.25.0"
      dataloader "^2.0.0"
      symbol.inspect "1.0.1"
      teslabot "^1.3.0"
      zod "^3.21.4"
  
  tonweb-mnemonic@^1.0.1:
    version "1.0.1"
    resolved "https://registry.npmjs.org/tonweb-mnemonic/-/tonweb-mnemonic-1.0.1.tgz"
    integrity sha512-YQAEXQHBHb0dnNy50bwIutXwyWa6Den7+cLcXWoG7ZClcqo4bjALOr6tnIqI+hs5jab+AGSsRjilxcp8ao/CpA==
    dependencies:
      tweetnacl "^1.0.3"
  
  tonweb@^0.0.66:
    version "0.0.66"
    resolved "https://registry.npmjs.org/tonweb/-/tonweb-0.0.66.tgz"
    integrity sha512-ntDJU1b/kgMFvOYN09FvhdnAfwnZh8W5sONkUP+P0FQkYRa/027otRxApp5gfxZ9DR+3WTnCQgrsG/EXv8RhEA==
    dependencies:
      "@ledgerhq/hw-transport-web-ble" "5.48.0"
      "@ledgerhq/hw-transport-webhid" "5.48.0"
      "@ledgerhq/hw-transport-webusb" "5.48.0"
      bn.js "5.1.1"
      ethjs-unit "0.1.6"
      isomorphic-webcrypto "2.3.8"
      node-fetch "2.6.7"
      tweetnacl "1.0.3"
  
  tr46@~0.0.3:
    version "0.0.3"
    resolved "https://registry.npmjs.org/tr46/-/tr46-0.0.3.tgz"
    integrity sha512-N3WMsuqV66lT30CrXNbEjx4GEwlow3v6rr4mCcv6prnfwhS01rkgyFdjPNBYd9br7LpXV1+Emh01fHnq2Gdgrw==
  
  ts-jest@^29.0.3:
    version "29.0.5"
    resolved "https://registry.npmjs.org/ts-jest/-/ts-jest-29.0.5.tgz"
    integrity sha512-PL3UciSgIpQ7f6XjVOmbi96vmDHUqAyqDr8YxzopDqX3kfgYtX1cuNeBjP+L9sFXi6nzsGGA6R3fP3DDDJyrxA==
    dependencies:
      bs-logger "0.x"
      fast-json-stable-stringify "2.x"
      jest-util "^29.0.0"
      json5 "^2.2.3"
      lodash.memoize "4.x"
      make-error "1.x"
      semver "7.x"
      yargs-parser "^21.0.1"
  
  ts-node@^10.9.1:
    version "10.9.1"
    resolved "https://registry.npmjs.org/ts-node/-/ts-node-10.9.1.tgz"
    integrity sha512-NtVysVPkxxrwFGUUxGYhfux8k78pQB3JqYBXlLRZgdGUqTO5wU/UyHop5p70iEbGhB7q5KmiZiU0Y3KlJrScEw==
    dependencies:
      "@cspotcode/source-map-support" "^0.8.0"
      "@tsconfig/node10" "^1.0.7"
      "@tsconfig/node12" "^1.0.7"
      "@tsconfig/node14" "^1.0.0"
      "@tsconfig/node16" "^1.0.2"
      acorn "^8.4.1"
      acorn-walk "^8.1.1"
      arg "^4.1.0"
      create-require "^1.1.0"
      diff "^4.0.1"
      make-error "^1.1.1"
      v8-compile-cache-lib "^3.0.1"
      yn "3.1.1"
  
  tslib@^1.9.0:
    version "1.14.1"
    resolved "https://registry.npmjs.org/tslib/-/tslib-1.14.1.tgz"
    integrity sha512-Xni35NKzjgMrwevysHTCArtLDpPvye8zV/0E4EyYn43P7/7qvQwPh9BGkHewbMulVntbigmcT7rdX3BNo9wRJg==
  
  tslib@^2.0.0, tslib@^2.0.3, tslib@^2.4.0, tslib@^2.6.1, tslib@^2.6.2:
    version "2.6.2"
    resolved "https://registry.npmjs.org/tslib/-/tslib-2.6.2.tgz"
    integrity sha512-AEYxH93jGFPn/a2iVAwW87VuUIkR1FVUKB77NwMF7nBTDkDrrT/Hpt/IrCJ0QXhW27jTBDcf5ZY7w6RiqTMw2Q==
  
  tweetnacl@1.0.3, tweetnacl@^1.0.3:
    version "1.0.3"
    resolved "https://registry.npmjs.org/tweetnacl/-/tweetnacl-1.0.3.tgz"
    integrity sha512-6rt+RN7aOi1nGMyC4Xa5DdYiukl2UWCbcJft7YhxReBGQD7OAM8Pbxw6YMo4r2diNEA8FEmu32YOn9rhaiE5yw==
  
  type-detect@4.0.8:
    version "4.0.8"
    resolved "https://registry.npmjs.org/type-detect/-/type-detect-4.0.8.tgz"
    integrity sha512-0fr/mIH1dlO+x7TlcMy+bIDqKPsw/70tVyeHW787goQjhmqaZe10uwLujubK9q9Lg6Fiho1KUKDYz0Z7k7g5/g==
  
  type-fest@^0.21.3:
    version "0.21.3"
    resolved "https://registry.npmjs.org/type-fest/-/type-fest-0.21.3.tgz"
    integrity sha512-t0rzBq87m3fVcduHDUFhKmyyX+9eo6WQjZvf51Ea/M0Q7+T374Jp1aUiyUl0GKxp8M/OETVHSDvmkyPgvX+X2w==
  
  type-is@~1.6.18:
    version "1.6.18"
    resolved "https://registry.npmjs.org/type-is/-/type-is-1.6.18.tgz"
    integrity sha512-TkRKr9sUTxEH8MdfuCSP7VizJyzRNMjj2J2do2Jr3Kym598JVdEksuzPQCnlFPW4ky9Q+iA+ma9BGm06XQBy8g==
    dependencies:
      media-typer "0.3.0"
      mime-types "~2.1.24"
  
  typescript@^4.9.4:
    version "4.9.5"
    resolved "https://registry.npmjs.org/typescript/-/typescript-4.9.5.tgz"
    integrity sha512-1FXk9E2Hm+QzZQ7z+McJiHL4NW1F2EzMu9Nq9i3zAaGqibafqYwCVU6WyWAuyQRRzOlxou8xZSyXLEN8oKj24g==
  
  uint8arrays@^3.0.0:
    version "3.1.1"
    resolved "https://registry.npmjs.org/uint8arrays/-/uint8arrays-3.1.1.tgz"
    integrity sha512-+QJa8QRnbdXVpHYjLoTpJIdCTiw9Ir62nocClWuXIq2JIh4Uta0cQsTSpFL678p2CN8B+XSApwcU+pQEqVpKWg==
    dependencies:
      multiformats "^9.4.2"
  
  universalify@^2.0.0:
    version "2.0.1"
    resolved "https://registry.npmjs.org/universalify/-/universalify-2.0.1.tgz"
    integrity sha512-gptHNQghINnc/vTGIk0SOFGFNXw7JVrlRUtConJRlvaw6DuX0wO5Jeko9sWrMBhh+PsYAZ7oXAiOnf/UKogyiw==
  
  unpipe@1.0.0, unpipe@~1.0.0:
    version "1.0.0"
    resolved "https://registry.npmjs.org/unpipe/-/unpipe-1.0.0.tgz"
    integrity sha512-pjy2bYhSsufwWlKwPc+l3cN7+wuJlK6uz0YdJEOlQDbl6jo/YlPi4mb8agUkVC8BF7V8NuzeyPNqRksA3hztKQ==
  
  update-browserslist-db@^1.0.13:
    version "1.0.16"
    resolved "https://registry.npmjs.org/update-browserslist-db/-/update-browserslist-db-1.0.16.tgz"
    integrity sha512-KVbTxlBYlckhF5wgfyZXTWnMn7MMZjMu9XG8bPlliUOP9ThaF4QnhP8qrjrH7DRzHfSk0oQv1wToW+iA5GajEQ==
    dependencies:
      escalade "^3.1.2"
      picocolors "^1.0.1"
  
  upper-case-first@^2.0.2:
    version "2.0.2"
    resolved "https://registry.npmjs.org/upper-case-first/-/upper-case-first-2.0.2.tgz"
    integrity sha512-514ppYHBaKwfJRK/pNC6c/OxfGa0obSnAl106u97Ed0I625Nin96KAjttZF6ZL3e1XLtphxnqrOi9iWgm+u+bg==
    dependencies:
      tslib "^2.0.3"
  
  upper-case@^2.0.2:
    version "2.0.2"
    resolved "https://registry.npmjs.org/upper-case/-/upper-case-2.0.2.tgz"
    integrity sha512-KgdgDGJt2TpuwBUIjgG6lzw2GWFRCW9Qkfkiv0DxqHHLYJHmtmdUIKcZd8rHgFSjopVTlw6ggzCm1b8MFQwikg==
    dependencies:
      tslib "^2.0.3"
  
  util-deprecate@^1.0.1:
    version "1.0.2"
    resolved "https://registry.npmjs.org/util-deprecate/-/util-deprecate-1.0.2.tgz"
    integrity sha512-EPD5q1uXyFxJpCrLnCc1nHnq3gOa6DZBocAIiI2TaSCA7VCJ1UJDMagCzIkXNsUYfD1daK//LTEQ8xiIbrHtcw==
  
  utils-merge@1.0.1:
    version "1.0.1"
    resolved "https://registry.npmjs.org/utils-merge/-/utils-merge-1.0.1.tgz"
    integrity sha512-pMZTvIkT1d+TFGvDOqodOclx0QWkkgi6Tdoa8gC8ffGAAqz9pzPTZWAybbsHHoED/ztMtkv/VoYTYyShUn81hA==
  
  v8-compile-cache-lib@^3.0.1:
    version "3.0.1"
    resolved "https://registry.npmjs.org/v8-compile-cache-lib/-/v8-compile-cache-lib-3.0.1.tgz"
    integrity sha512-wa7YjyUGfNZngI/vtK0UHAN+lgDCxBPCylVXGp0zu59Fz5aiGtNXaq3DhIov063MorB+VfufLh3JlF2KdTK3xg==
  
  v8-to-istanbul@^9.0.1:
    version "9.0.1"
    resolved "https://registry.npmjs.org/v8-to-istanbul/-/v8-to-istanbul-9.0.1.tgz"
    integrity sha512-74Y4LqY74kLE6IFyIjPtkSTWzUZmj8tdHT9Ii/26dvQ6K9Dl2NbEfj0XgU2sHCtKgt5VupqhlO/5aWuqS+IY1w==
    dependencies:
      "@jridgewell/trace-mapping" "^0.3.12"
      "@types/istanbul-lib-coverage" "^2.0.1"
      convert-source-map "^1.6.0"
  
  validator@~13.12.0:
    version "13.12.0"
    resolved "https://registry.yarnpkg.com/validator/-/validator-13.12.0.tgz#7d78e76ba85504da3fee4fd1922b385914d4b35f"
    integrity sha512-c1Q0mCiPlgdTVVVIJIrBuxNicYE+t/7oKeI9MWLj3fh/uq2Pxh/3eeWbVZ4OcGW1TUf53At0njHw5SMdA3tmMg==
  
  vary@^1, vary@~1.1.2:
    version "1.1.2"
    resolved "https://registry.yarnpkg.com/vary/-/vary-1.1.2.tgz#2299f02c6ded30d4a5961b0b9f74524a18f634fc"
    integrity sha512-BNGbWLfd0eUPabhkXUVm0j8uuvREyTh5ovRa/dyow/BqAbZJyC+5fU+IzQOzmAKzYqYRAISoRhdQr3eIZ/PXqg==
  
  walker@^1.0.8:
    version "1.0.8"
    resolved "https://registry.npmjs.org/walker/-/walker-1.0.8.tgz"
    integrity sha512-ts/8E8l5b7kY0vlWLewOkDXMmPdLcVV4GmOQLyxuSswIJsweeFZtAsMF7k1Nszz+TYBQrlYRmzOnr398y1JemQ==
    dependencies:
      makeerror "1.0.12"
  
  webcrypto-core@^1.7.9:
    version "1.7.9"
    resolved "https://registry.npmjs.org/webcrypto-core/-/webcrypto-core-1.7.9.tgz"
    integrity sha512-FE+a4PPkOmBbgNDIyRmcHhgXn+2ClRl3JzJdDu/P4+B8y81LqKe6RAsI9b3lAOHe1T1BMkSjsRHTYRikImZnVA==
    dependencies:
      "@peculiar/asn1-schema" "^2.3.8"
      "@peculiar/json-schema" "^1.1.12"
      asn1js "^3.0.1"
      pvtsutils "^1.3.5"
      tslib "^2.6.2"
  
  webcrypto-shim@^0.1.4:
    version "0.1.7"
    resolved "https://registry.npmjs.org/webcrypto-shim/-/webcrypto-shim-0.1.7.tgz"
    integrity sha512-JAvAQR5mRNRxZW2jKigWMjCMkjSdmP5cColRP1U/pTg69VgHXEi1orv5vVpJ55Zc5MIaPc1aaurzd9pjv2bveg==
  
  webidl-conversions@^3.0.0:
    version "3.0.1"
    resolved "https://registry.npmjs.org/webidl-conversions/-/webidl-conversions-3.0.1.tgz"
    integrity sha512-2JAn3z8AR6rjK8Sm8orRC0h/bcl/DqL7tRPdGZ4I1CjdF+EaMLmYxBHyXuKL849eucPFhvBoxMsflfOb8kxaeQ==
  
  whatwg-fetch@^3.4.1:
    version "3.6.2"
    resolved "https://registry.npmjs.org/whatwg-fetch/-/whatwg-fetch-3.6.2.tgz"
    integrity sha512-bJlen0FcuU/0EMLrdbJ7zOnW6ITZLrZMIarMUVmdKtsGvZna8vxKYaexICWPfZ8qwf9fzNq+UEIZrnSaApt6RA==
  
  whatwg-url@^5.0.0:
    version "5.0.0"
    resolved "https://registry.npmjs.org/whatwg-url/-/whatwg-url-5.0.0.tgz"
    integrity sha512-saE57nupxk6v3HY35+jzBwYa0rKSy0XR8JSxZPwgLr7ys0IBzhGviA1/TUGJLmSVqs8pb9AnvICXEuOHLprYTw==
    dependencies:
      tr46 "~0.0.3"
      webidl-conversions "^3.0.0"
  
  which@^2.0.1:
    version "2.0.2"
    resolved "https://registry.npmjs.org/which/-/which-2.0.2.tgz"
    integrity sha512-BLI3Tl1TW3Pvl70l3yq3Y64i+awpwXqsGBYWkkqMtnbXgrMD+yj7rhW0kuEDxzJaYXGjEW5ogapKNMEKNMjibA==
    dependencies:
      isexe "^2.0.0"
  
  wrap-ansi@^7.0.0:
    version "7.0.0"
    resolved "https://registry.npmjs.org/wrap-ansi/-/wrap-ansi-7.0.0.tgz"
    integrity sha512-YVGIj2kamLSTxw6NsZjoBxfSwsn0ycdesmc4p+Q21c5zPuZ1pl+NfxVdxPtdHvmNVOQ6XSYG4AUtyt/Fi7D16Q==
    dependencies:
      ansi-styles "^4.0.0"
      string-width "^4.1.0"
      strip-ansi "^6.0.0"
  
  wrappy@1:
    version "1.0.2"
    resolved "https://registry.npmjs.org/wrappy/-/wrappy-1.0.2.tgz"
    integrity sha512-l4Sp/DRseor9wL6EvV2+TuQn63dMkPjZ/sp9XkghTEbV9KlPS1xUsZ3u7/IQO4wxtcFB4bgpQPRcR3QCvezPcQ==
  
  write-file-atomic@^5.0.0:
    version "5.0.0"
    resolved "https://registry.npmjs.org/write-file-atomic/-/write-file-atomic-5.0.0.tgz"
    integrity sha512-R7NYMnHSlV42K54lwY9lvW6MnSm1HSJqZL3xiSgi9E7//FYaI74r2G0rd+/X6VAMkHEdzxQaU5HUOXWUz5kA/w==
    dependencies:
      imurmurhash "^0.1.4"
      signal-exit "^3.0.7"
  
  y18n@^5.0.5:
    version "5.0.8"
    resolved "https://registry.npmjs.org/y18n/-/y18n-5.0.8.tgz"
    integrity sha512-0pfFzegeDWJHJIAmTLRP2DwHjdF5s7jo9tuztdQxAhINCdvS+3nGINqPd00AphqJR/0LhANUS6/+7SCb98YOfA==
  
  yallist@^3.0.2:
    version "3.1.1"
    resolved "https://registry.npmjs.org/yallist/-/yallist-3.1.1.tgz"
    integrity sha512-a4UGQaWPH59mOXUYnAG2ewncQS4i4F43Tv3JoAM+s2VDAmS9NsK8GpDMLrCHPksFT7h3K6TOoUNn2pb7RoXx4g==
  
  yallist@^4.0.0:
    version "4.0.0"
    resolved "https://registry.npmjs.org/yallist/-/yallist-4.0.0.tgz"
    integrity sha512-3wdGidZyq5PB084XLES5TpOSRA3wjXAlIWMhum2kRcv/41Sn2emQ0dycQW4uZXLejwKvg6EsvbdlVL+FYEct7A==
  
  yargs-parser@^21.0.1, yargs-parser@^21.1.1:
    version "21.1.1"
    resolved "https://registry.npmjs.org/yargs-parser/-/yargs-parser-21.1.1.tgz"
    integrity sha512-tVpsJW7DdjecAiFpbIB1e3qxIQsE6NoPc5/eTdrbbIC4h0LVsWhnoa3g+m2HclBIujHzsxZ4VJVA+GUuc2/LBw==
  
  yargs@^17.3.1:
    version "17.6.2"
    resolved "https://registry.npmjs.org/yargs/-/yargs-17.6.2.tgz"
    integrity sha512-1/9UrdHjDZc0eOU0HxOHoS78C69UD3JRMvzlJ7S79S2nTaWRA/whGCTV8o9e/N/1Va9YIV7Q4sOxD8VV4pCWOw==
    dependencies:
      cliui "^8.0.1"
      escalade "^3.1.1"
      get-caller-file "^2.0.5"
      require-directory "^2.1.1"
      string-width "^4.2.3"
      y18n "^5.0.5"
      yargs-parser "^21.1.1"
  
  yn@3.1.1:
    version "3.1.1"
    resolved "https://registry.npmjs.org/yn/-/yn-3.1.1.tgz"
    integrity sha512-Ux4ygGWsu2c7isFWe8Yu1YluJmqVhxqK2cLXNQA5AcC3QfbGNpM7fu0Y8b/z16pXLnFxZYvWhd3fhBY9DLmC6Q==
  
  yocto-queue@^0.1.0:
    version "0.1.0"
    resolved "https://registry.npmjs.org/yocto-queue/-/yocto-queue-0.1.0.tgz"
    integrity sha512-rVksvsnNCdJ/ohGc6xgPwyN8eheCxsiLM8mxuE/t/mOVqJewPuO1miLpTHQiRgTKCLexL4MeAFVagts7HmNZ2Q==
  
  zod@^3.20.2, zod@^3.20.6, zod@^3.21.4, zod@^3.22.4:
    version "3.23.8"
    resolved "https://registry.npmjs.org/zod/-/zod-3.23.8.tgz"
    integrity sha512-XBx9AXhXktjUqnepgTiE5flcKIYWi/rme0Eaj+5Y0lftuGBq+jyRu/md4WnuxqgP1ubdpNCsYEYPxrzVHD8d6g==
